종목명,ROE(자본수익률),EV/EABITDA(이익수익률),상승률,상승/하락,2019시초가,현재가
3S,n/a,42.78,1.145,상승,2280,2610
AJ네트웍스,16.78,4.27,1.212,상승,4530,5490
AJ렌터카,1.55,3.67,0.859,하락,12750,10950
AK홀딩스,13.82,4.05,0.887,하락,53900,47800
APS홀딩스,0.59,n/a,0.938,하락,4225,3965
AP시스템,25.75,7.27,1.199,상승,21850,26200
AP위성,n/a,56.51,1.087,상승,6460,7020
BGF,4.37,22.23,0.939,하락,8050,7560
BGF리테일,33.88,11.3,0.965,하락,201000,194000
BNK금융지주,6.84,n/a,1.004,상승,7270,7300
BYC,2.26,10.67,0.959,하락,246500,236500
CJ,6.91,7.4,0.855,하락,121000,103500
CJ CGV,n/a,8.61,0.876,하락,41100,36000
CJ ENM,8.58,8.32,0.926,하락,202700,187600
CJ대한통운,1.5,15.32,0.931,하락,166000,154500
CJ씨푸드,3.54,12.53,1.232,상승,2350,2895
CJ제일제당,21.46,10.09,0.859,하락,330500,284000
CJ프레시웨이,7.29,7.66,1.042,상승,26350,27450
CJ헬로,3.88,3.68,0.805,하락,9060,7290
CMG제약,6.01,104.47,0.882,하락,4280,3775
CNH,0.74,n/a,1.09,상승,1390,1515
CS,19.77,10.78,2.229,상승,1875,4180
CSA 코스믹,n/a,101.27,1.017,상승,4100,4170
CS홀딩스,2.89,8.21,1.01,상승,62600,63200
DB,n/a,21.39,1.169,상승,830,970
DB금융스팩6호,n/a,n/a,1.042,상승,2005,2090
DB금융투자,8.58,n/a,1.134,상승,4445,5040
DB손해보험,10.95,n/a,0.878,하락,70600,62000
DB하이텍,17.12,3.44,1.364,상승,10850,14800
DGB금융지주,9.3,n/a,1.0,보합,8310,8310
DMS,10.61,5.51,1.207,상승,4600,5550
DRB동일,1.73,6.31,0.939,하락,6560,6160
DSC인베스트먼트,19.53,n/a,0.968,하락,4080,3950
DSR,5.54,5.99,1.361,상승,4020,5470
DSR제강,5.55,5.86,1.166,상승,4305,5020
E1,6.47,23.99,1.018,상승,55700,56700
EDGC,n/a,n/a,1.307,상승,5220,6820
EG,n/a,n/a,0.884,하락,11600,10250
EMW,n/a,12.56,1.0,보합,2780,2780
F&F,31.64,6.1,1.975,상승,40100,79200
GH신소재,1.03,19.3,1.465,상승,2430,3560
GKL,14.21,12.69,0.817,하락,24650,20150
GMR 머티리얼즈,n/a,n/a,0.917,하락,625,573
GRT,16.67,2.11,1.241,상승,1865,2315
GS,11.14,6.54,0.996,하락,51100,50900
GST,12.42,3.61,1.592,상승,4410,7020
GS건설,17.34,3.23,0.943,하락,44000,41500
GS글로벌,5.48,8.58,1.119,상승,2480,2775
GS리테일,5.86,9.16,0.907,하락,39900,36200
GS홈쇼핑,12.46,7.58,0.956,하락,180800,172800
GV,n/a,n/a,1.177,상승,1720,2025
HB테크놀러지,4.38,13.98,1.068,상승,3235,3455
HDC,38.82,11.66,0.925,하락,17300,16000
HDC아이콘트롤스,11.99,10.36,1.056,상승,9520,10050
HDC현대EP,3.02,12.73,1.234,상승,4310,5320
HDC현대산업개발,n/a,6.49,0.957,하락,47800,45750
HRS,n/a,12.3,0.923,하락,2850,2630
HSD엔진,n/a,n/a,0.738,하락,5350,3950
IBKS제10호스팩,n/a,n/a,1.066,상승,2055,2190
IBKS제5호스팩,0.91,n/a,1.106,상승,2075,2295
IBKS제6호스팩,0.46,n/a,1.063,상승,2070,2200
IBKS제7호스팩,0.73,n/a,1.042,상승,2072,2160
IBKS제9호스팩,n/a,n/a,1.249,상승,2350,2935
ISC,8.13,5.75,0.926,하락,8780,8130
ITX엠투엠,n/a,n/a,1.2,상승,1500,1800
JB금융지주,8.69,n/a,1.011,상승,5700,5760
JTC,5.47,10667.44,1.135,상승,6750,7660
JW생명과학,14.97,11.25,1.177,상승,22000,25900
JW신약,n/a,111.06,0.887,하락,6720,5960
JW중외제약,3.04,24.83,0.791,하락,40750,32250
JW홀딩스,13.32,17.19,0.874,하락,7170,6270
JYP Ent.,22.52,35.8,0.877,하락,30500,26750
KBI메탈,5.43,15.78,0.877,하락,2110,1850
KB금융,8.78,n/a,0.952,하락,46700,44450
KB오토시스,14.18,3.37,1.043,상승,5310,5540
KCC건설,6.97,3.07,1.028,상승,7080,7280
KCI,16.99,6.72,1.46,상승,7840,11450
KC그린홀딩스,7.6,7.43,1.205,상승,3780,4555
KC산업,51.86,3.75,0.978,하락,2695,2635
KC코트렐,5.4,10.81,1.656,상승,4305,7130
KD건설,11.8,n/a,0.908,하락,109,99
KEC,0.67,10.84,1.163,상승,1045,1215
KG ETS,7.58,6.9,1.165,상승,3210,3740
KG모빌리언스,6.04,12.0,0.945,하락,7440,7030
KG이니시스,17.61,7.1,0.945,하락,15550,14700
KG케미칼,1.37,7.07,0.758,하락,17550,13300
KH바텍,n/a,n/a,1.366,상승,8270,11300
KISCO홀딩스,3.29,8.5,1.051,상승,13700,14400
KJ프리텍,n/a,n/a,0.896,하락,432,387
KMH,23.7,9.89,0.958,하락,7530,7210
KMH하이텍,7.88,5.95,1.082,상승,904,978
KNN,4.16,9.13,1.585,상승,833,1320
KPX생명과학,n/a,40.92,0.885,하락,4300,3805
KPX케미칼,2.54,6.61,1.075,상승,52200,56100
KPX홀딩스,0.6,12.28,0.942,하락,61600,58000
KR모터스,n/a,n/a,1.04,상승,505,525
KSS해운,8.73,8.67,1.08,상승,6480,7000
KTB투자증권,6.73,n/a,0.995,하락,3005,2990
KTH,0.43,5.67,0.937,하락,4815,4510
KTcs,7.3,6.54,0.922,하락,2490,2295
KTis,4.92,6.72,0.986,하락,2495,2460
KT서브마린,n/a,9.9,1.2,상승,3205,3845
LF,7.35,4.51,0.876,하락,25050,21950
LG,10.96,5.83,1.128,상승,69400,78300
LG디스플레이,n/a,3.68,0.967,하락,18100,17500
LG상사,n/a,8.76,1.078,상승,15350,16550
LG생활건강,20.98,15.65,1.184,상승,1106000,1309000
LG유플러스,7.97,4.26,0.827,하락,17650,14600
LG이노텍,8.02,4.54,1.13,상승,87200,98500
LG전자,9.03,4.09,1.305,상승,63300,82600
LG하우시스,n/a,7.78,1.019,상승,56600,57700
LG화학,8.86,7.77,0.972,하락,351000,341000
LIG넥스원,0.71,18.82,0.937,하락,37100,34750
LPK로보틱스,n/a,n/a,0.471,하락,2975,1400
LS,13.73,8.69,0.969,하락,49400,47850
LS네트웍스,2.59,43.18,1.309,상승,2510,3285
LS산전,10.78,5.54,0.991,하락,49150,48700
LS전선아시아,8.18,8.81,1.322,상승,5680,7510
MH에탄올,n/a,20.9,1.127,상승,5890,6640
MP그룹,n/a,57.72,1.0,보합,1315,1315
MP한강,11.8,15.84,0.753,하락,1520,1145
NAVER,12.97,17.29,0.934,하락,121000,113000
NEW,n/a,n/a,1.507,상승,4385,6610
NE능률,n/a,7.17,1.366,상승,2825,3860
NHN벅스,8.57,11.58,1.212,상승,5760,6980
NHN한국사이버결제,15.47,8.58,1.206,상승,11900,14350
NH투자증권,7.31,n/a,1.069,상승,13100,14000
NICE,10.01,4.96,1.218,상승,18100,22050
NICE평가정보,20.71,11.27,1.491,상승,10900,16250
NI스틸,9.98,5.82,1.261,상승,2280,2875
OCI,3.06,6.84,0.875,하락,107500,94100
PN풍년,3.67,9.68,1.094,상승,2245,2455
RFHIC,17.22,18.49,1.146,상승,25000,28650
S&K폴리텍,11.67,3.6,1.446,상승,3630,5250
S&TC,0.78,488.0,1.139,상승,11150,12700
S&T모티브,7.77,5.74,1.66,상승,26800,44500
S&T중공업,3.27,7.9,0.997,하락,7200,7180
S&T홀딩스,4.36,9.06,1.062,상승,13000,13800
S-Oil,3.88,17.07,0.869,하락,97300,84600
SBI인베스트먼트,3.11,n/a,1.208,상승,686,829
SBI핀테크솔루션즈,28.62,13.19,0.883,하락,16300,14400
SBS,0.87,11.33,1.128,상승,19850,22400
SBS미디어홀딩스,1.62,17.12,1.105,상승,2055,2270
SBS콘텐츠허브,5.42,21.37,1.182,상승,4990,5900
SCI평가정보,10.01,26.14,1.27,상승,2035,2585
SDN,3.24,20.11,0.912,하락,1655,1510
SFA반도체,4.86,4.75,2.321,상승,1370,3180
SG,21.35,11.01,0.782,하락,11350,8880
SG&G,n/a,26.29,0.854,하락,2430,2075
SGA,n/a,n/a,0.942,하락,1083,1020
SGA솔루션즈,n/a,n/a,1.245,상승,1285,1600
SGA임베디드,n/a,n/a,0.859,하락,3400,2920
SG세계물산,3.43,31.92,1.322,상승,740,978
SG충방,2.59,20.95,0.669,하락,3100,2075
SH에너지화학,2.21,28.03,1.113,상승,1110,1235
SIMPAC,20.48,8.01,1.382,상승,2460,3400
SK,14.88,7.44,0.916,하락,261000,239000
SK3호스팩,0.94,n/a,1.027,상승,2050,2105
SK4호스팩,n/a,n/a,1.04,상승,2010,2090
SKC,8.09,8.54,0.917,하락,35950,32950
SKC 솔믹스,29.38,6.66,1.281,상승,2685,3440
SKC코오롱PI,13.8,13.18,0.896,하락,33500,30000
SK가스,3.9,8.97,1.133,상승,70500,79900
SK네트웍스,0.31,8.7,0.956,하락,5260,5030
SK디스커버리,5.56,14.64,0.973,하락,26200,25500
SK디앤디,17.29,13.7,1.061,상승,26900,28550
SK머티리얼즈,29.57,8.83,1.021,상승,150000,153100
SK바이오랜드,10.5,10.66,1.031,상승,16150,16650
SK이노베이션,9.12,6.98,0.906,하락,180000,163000
SK증권,2.85,n/a,1.084,상승,665,721
SK케미칼,0.87,12.03,0.85,하락,69900,59400
SK텔레콤,15.52,6.44,0.948,하락,267500,253500
SK하이닉스,38.53,1.62,1.096,상승,61300,67200
SM C&C,n/a,39.56,0.893,하락,2050,1830
SM Life Design,n/a,251.98,1.153,상승,1535,1770
SNK,33.32,0.0, n/a, n/a, n/a, n/a
SPC삼립,14.18,13.27,0.787,하락,127000,100000
STX,17.12,n/a,0.996,하락,11850,11800
STX엔진,17.41,10.01,1.11,상승,6750,7490
STX중공업,n/a,n/a,0.704,하락,5710,4020
SV인베스트먼트,29.13,n/a,1.472,상승,1725,2540
TCC스틸,9.19,6.12,1.287,상승,2040,2625
THE E&M,59.54,14.15,1.401,상승,835,1170
THE MIDONG,n/a,n/a,1.01,상승,3435,3470
TJ미디어,n/a,136.46,0.93,하락,3365,3130
TPC,14.45,12.88,1.023,상승,3770,3855
TS인베스트먼트,15.77,n/a,0.948,하락,2395,2270
TS트릴리온,34.24,47.39,1.415,상승,4100,5800
UCI,n/a,49.42,0.454,하락,4200,1905
WI,n/a,n/a,0.854,하락,9246,7900
WISCOM,0.9,15.21,0.962,하락,2750,2645
W홀딩컴퍼니,n/a,n/a,0.832,하락,553,460
YG PLUS,n/a,39.8,0.774,하락,2015,1560
YTN,0.36,8.76,0.96,하락,2125,2040
YW,3.07,11.66,1.044,상승,3975,4150
iMBC,n/a,11.13,1.156,상승,2250,2600
가비아,12.58,5.38,1.44,상승,6390,9200
가온미디어,3.89,15.38,1.683,상승,7990,13450
가온전선,0.04,11.43,1.103,상승,17500,19300
감마누,n/a,n/a,1.0,보합,408,408
강남제비스코,7.71,25.95,1.041,상승,24650,25650
강스템바이오텍,n/a,n/a,0.864,하락,22100,19100
강원랜드,8.39,13.78,0.973,하락,31500,30650
갤럭시아에스엠,n/a,n/a,1.183,상승,1665,1970
갤럭시아컴즈,6.49,18.03,1.42,상승,2765,3925
게임빌,n/a,n/a,0.798,하락,54500,43500
경남스틸,6.49,7.95,0.965,하락,2000,1930
경남제약,16.85,n/a,1.0,보합,17200,17200
경농,3.08,15.67,1.593,상승,11050,17600
경동나비엔,9.23,10.45,1.124,상승,41550,46700
경동도시가스,11.11,2.37,0.916,하락,33300,30500
경동인베스트,7.35,2.79,1.107,상승,37250,41250
경동제약,2.42,11.36,0.795,하락,11400,9060
경방,2.87,8.25,1.005,상승,10750,10800
경보제약,9.03,9.81,0.971,하락,10300,10000
경인양행,6.59,10.91,1.176,상승,5800,6820
경인전자,n/a,n/a,1.497,상승,21950,32850
경창산업,n/a,7.48,0.895,하락,1385,1240
계룡건설산업,24.46,2.85,1.274,상승,21750,27700
계양전기,5.16,6.29,1.043,상승,3400,3545
고려개발,0.58,7.33,0.998,하락,4875,4865
고려산업,4.34,11.81,1.375,상승,2185,3005
고려시멘트,5.67,13.28,1.225,상승,2640,3235
고려신용정보,25.63,6.63,1.21,상승,3790,4585
고려아연,8.64,8.1,1.081,상승,427500,462000
고려제강,0.25,6.12,1.092,상승,22950,25050
고려제약,10.96,17.42,1.01,상승,7240,7310
고영,21.86,22.43,1.109,상승,82800,91800
골드퍼시픽,n/a,n/a,1.843,상승,1430,2635
골든브릿지이안5호,n/a,n/a,1.045,상승,1990,2080
골든센츄리,14.99,2.25,1.224,상승,776,950
골프존,10.63,6.1,2.096,상승,33500,70200
골프존뉴딘홀딩스,n/a,26.12,1.053,상승,3755,3955
골프존데카,n/a,n/a,4.11,상승,730,3000
관악산업,9.29,3.02,0.95,하락,4690,4455
광동제약,5.61,7.48,1.039,상승,6890,7160
광림,n/a,45.72,1.085,상승,2525,2740
광명전기,2.93,22.12,0.934,하락,2730,2550
광전자,3.07,11.39,1.247,상승,2025,2525
광주신세계,7.52,5.14,1.031,상승,177500,183000
광진실업,0.92,13.42,0.979,하락,3580,3505
광진윈텍,n/a,n/a,1.728,상승,2295,3965
교보7호스팩,0.23,n/a,1.102,상승,2050,2260
교보8호스팩,n/a,n/a,1.06,상승,2015,2135
교보증권,9.11,n/a,1.175,상승,9190,10800
구영테크,9.65,9.06,1.067,상승,1560,1665
국도화학,9.5,4.68,1.049,상승,45700,47950
국동,6.53,10.03,0.78,하락,2289,1785
국보,n/a,n/a,1.885,상승,1135,2140
국보디자인,13.35,5.98,1.159,상승,13500,15650
국순당,n/a,n/a,1.012,상승,4060,4110
국영지앤엠,n/a,101.78,0.853,하락,1595,1360
국일신동,2.46,27.76,1.833,상승,4500,8250
국일제지,n/a,105.63,3.112,상승,1210,3765
국제약품,3.21,16.64,1.106,상승,4240,4690
굿센,n/a,n/a,0.499,하락,22050,11000
그린케미칼,2.32,5.61,1.032,상승,3600,3715
그린플러스,9.27,7.33,1.339,상승,8290,11100
극동유화,10.57,8.18,1.077,상승,3295,3550
글로벌에스엠,n/a,7.18,1.02,상승,763,778
글로벌텍스프리,12.13,41.72,1.269,상승,3487,4425
글로본,6.66,51.08,0.71,하락,3840,2725
금강공업,5.18,4.95,1.099,상승,4100,4505
금강철강,4.86,29.56,0.979,하락,3810,3730
금비,7.15,5.86,1.035,상승,65300,67600
금양,29.84,8.48,0.972,하락,2350,2285
금호산업,n/a,11.71,1.197,상승,11950,14300
금호석유화학,23.45,5.25,1.161,상승,87000,101000
금호에이치티,7.23,6.22,0.773,하락,7140,5520
금호전기,n/a,n/a,0.549,하락,6670,3665
금호타이어,n/a,21.84,0.747,하락,5310,3965
금화피에스시,19.69,4.14,1.103,상승,30150,33250
기가레인,n/a,33.06,1.215,상승,1835,2230
기산텔레콤,n/a,n/a,1.284,상승,2830,3635
기신정기,3.94,10.93,1.182,상승,3435,4060
기아자동차,4.27,4.42,1.28,상승,33450,42800
기업은행,8.62,n/a,1.0,보합,13950,13950
까뮤이앤씨,2.93,17.71,0.964,하락,1370,1320
깨끗한나라,n/a,n/a,0.787,하락,3175,2500
나노,n/a,12.67,1.148,상승,1925,2210
나노메딕스,n/a,n/a,1.224,상승,5660,6930
나노스,n/a,750.95,1.131,상승,4925,5570
나노신소재,8.93,13.39,1.3,상승,15350,19950
나노엔텍,11.24,20.68,1.097,상승,4400,4825
나노캠텍,1.8,15.96,1.016,상승,5690,5780
나눔테크,36.43,5.85,0.833,하락,3600,3000
나라소프트,41.31,41.64,0.831,하락,940,781
나라엠앤디,4.74,11.26,0.852,하락,5280,4500
나무가,12.19,5.29,2.411,상승,19000,45800
나무기술,n/a,n/a,2.957,상승,1390,4110
나스미디어,15.03,9.15,1.384,상승,28650,39650
나우아이비캐피탈,3.77,n/a,1.176,상승,4195,4935
나이벡,n/a,n/a,0.786,하락,9575,7530
나이스디앤비,22.21,9.54,1.15,상승,7150,8220
나이스정보통신,15.94,3.82,1.071,상승,19600,21000
남광토건,12.37,10.08,0.98,하락,12550,12300
남선알미늄,15.94,23.34,1.494,상승,2885,4310
남성,n/a,43.42,1.638,상승,1945,3185
남양유업,0.23,10.03,0.913,하락,624000,570000
남영비비안,n/a,n/a,1.114,상승,6160,6860
남해화학,1.97,18.31,0.902,하락,11750,10600
남화산업,3.37,39.46,0.909,하락,9650,8770
남화토건,0.46,93.16,0.812,하락,11300,9170
내츄럴엔도텍,n/a,n/a,0.455,하락,13600,6190
네오디안테크놀로지,n/a,n/a,0.892,하락,1805,1610
네오셈,n/a,n/a,0.945,하락,1720,1625
네오오토,7.73,4.31,1.367,상승,4280,5850
네오위즈,11.42,10.49,1.092,상승,12500,13650
네오위즈홀딩스,6.6,12.61,1.21,상승,11200,13550
네오티스,6.83,6.99,0.988,하락,4205,4155
네오팜,28.76,16.79,1.132,상승,45500,51500
네오펙트,n/a,n/a,0.859,하락,7440,6390
네이블커뮤니케이션즈,n/a,n/a,0.966,하락,4160,4020
네이처셀,5.41,293.65,0.957,하락,11700,11200
네추럴FNP,1.89,11.56,0.881,하락,3500,3085
네패스,17.0,4.06,2.891,상승,9840,28450
네패스신소재,n/a,n/a,0.654,하락,11423,7470
넥센,6.63,9.56,1.18,상승,5500,6490
넥센타이어,7.5,5.59,1.098,상승,9070,9960
넥스턴,5.93,29.89,0.986,하락,11100,10950
넥스트BT,3.25,26.71,1.2,상승,1550,1860
넥스트사이언스,n/a,n/a,0.949,하락,6100,5790
넥스트아이,n/a,19.59,1.048,상승,2310,2420
넥슨지티,n/a,n/a,2.117,상승,6660,14100
넵튠,n/a,n/a,0.995,하락,10150,10100
넷게임즈,n/a,n/a,1.18,상승,7230,8530
넷마블,4.36,30.11,1.066,상승,113500,121000
노랑풍선,11.83,0.0, n/a, n/a, n/a, n/a
노루페인트,4.2,7.78,0.952,하락,8300,7900
노루홀딩스,n/a,11.91,1.033,상승,12200,12600
노바렉스,14.51,10.9,1.423,상승,15850,22550
노바텍,29.21,16.55,0.947,하락,26500,25100
노브메타파마,n/a,n/a,0.95,하락,44400,42200
녹십자,3.28,20.8,0.908,하락,136000,123500
녹십자랩셀,2.09,345.22,0.844,하락,45900,38750
녹십자셀,24.18,113.09,0.92,하락,50800,46750
녹십자엠에스,n/a,n/a,0.813,하락,12600,10250
녹십자홀딩스,2.28,24.47,0.912,하락,24900,22700
녹원씨엔아이,9.9,7.86,0.965,하락,9050,8730
농심,4.54,9.02,0.98,하락,253000,248000
농심홀딩스,5.32,7.3,1.243,상승,70000,87000
농우바이오,14.28,17.34,1.049,상승,11200,11750
누리텔레콤,21.34,3.98,1.093,상승,5690,6220
누리플랜,2.46,n/a,0.927,하락,6600,6120
뉴로스,n/a,50.55,0.912,하락,6800,6200
뉴보텍,3.66,21.5,1.028,상승,1450,1490
뉴인텍,n/a,n/a,0.983,하락,829,815
뉴지랩,n/a,n/a,1.591,상승,4400,7000
뉴트리,7.79,10.54,1.659,상승,12300,20400
뉴파워프라즈마,10.65,6.85,1.759,상승,12050,21200
뉴프라이드,n/a,n/a,0.859,하락,2050,1760
뉴프렉스,13.73,5.35,0.944,하락,2870,2710
다나와,19.68,9.34,1.726,상승,15150,26150
다날,1.74,25.45,0.937,하락,3550,3325
다믈멀티미디어,n/a,n/a,0.898,하락,4285,3850
다산네트웍스,n/a,17.24,1.52,상승,7040,10700
다스코,14.67,5.84,0.833,하락,8260,6880
다우기술,9.78,5.59,1.11,상승,19050,21150
다우데이타,7.28,5.9,1.013,상승,9500,9620
다원넥스뷰,2.87,4.09, n/a, n/a, n/a, n/a
다원시스,4.31,25.84,0.84,하락,16900,14200
다이노나,n/a,n/a,0.837,하락,7690,6440
다이오진,34.1,18.22,0.494,하락,4650,2295
대교,2.94,11.43,0.929,하락,6620,6150
대구백화점,n/a,n/a,0.782,하락,9100,7120
대덕전자,35.2,8.93,1.353,상승,9020,12200
대동고려삼,5.39,12.15,1.054,상승,7000,7380
대동공업,0.58,15.15,1.17,상승,5220,6110
대동금속,2.83,10.79,1.279,상승,9853,12600
대동기어,0.35,10.64,1.238,상승,2775,3435
대동스틸,0.07,638.01,0.73,하락,10400,7590
대동전자,0.44,16.65,1.22,상승,3345,4080
대륙제관,3.56,6.26,1.072,상승,4935,5290
대림비앤코,2.62,8.9,1.011,상승,4570,4620
대림산업,12.37,4.48,1.173,상승,101000,118500
대림씨엔에스,n/a,12.31,0.925,하락,10550,9760
대림제지,9.12,5.7,1.23,상승,1480,1820
대림통상,n/a,22.86,1.045,상승,4200,4390
대명코퍼레이션,n/a,16.81,1.088,상승,1935,2105
대보마그네틱,18.44,52.99,0.657,하락,73200,48100
대봉엘에스,8.65,7.4,1.267,상승,6340,8030
대상,7.27,7.0,1.018,상승,25050,25500
대상홀딩스,4.55,6.29,0.977,하락,7850,7670
대성미생물,10.02,15.34,1.162,상승,17900,20800
대성산업,n/a,21.91,1.217,상승,4200,5110
대성에너지,4.28,3.82,1.011,상승,5400,5460
대성엘텍,n/a,18.62,0.935,하락,861,805
대성창투,3.27,n/a,1.034,상승,1760,1820
대성파인텍,5.93,26.89,1.015,상승,1650,1675
대성홀딩스,4.79,5.65,1.268,상승,6300,7990
대신밸런스제4호스팩,0.54,n/a,0.995,하락,2100,2090
대신밸런스제5호스팩,n/a,n/a,1.6,상승,2500,4000
대신밸런스제6호스팩,n/a,n/a,1.07,상승,2010,2150
대신정보통신,3.57,n/a,0.891,하락,1645,1465
대신증권,7.34,n/a,1.22,상승,11350,13850
대아티아이,7.16,59.06,0.745,하락,8300,6180
대양금속,19.3,6.86,2.284,상승,3625,8280
대양전기공업,6.69,8.38,1.137,상승,12050,13700
대양제지,30.75,2.59,1.449,상승,3130,4535
대영포장,7.88,8.9,1.206,상승,1140,1375
대우건설,13.2,4.77,0.917,하락,5440,4990
대우부품,2.98,20.82,1.079,상승,2140,2310
대우조선해양,9.53,5.53,0.896,하락,34250,30700
대웅,5.36,10.95,0.997,하락,18050,18000
대웅제약,n/a,33.64,0.829,하락,190000,157500
대원,11.72,4.72,1.255,상승,11550,14500
대원강업,3.77,5.07,1.19,상승,3885,4625
대원모방,4.76,36.97,1.167,상승,19800,23100
대원미디어,2.89,10.18,0.828,하락,10150,8400
대원산업,10.66,2.7,1.234,상승,5390,6650
대원전선,1.53,20.97,0.847,하락,1635,1385
대원제약,13.51,7.76,1.011,상승,15882,16050
대원화성,3.62,12.32,1.038,상승,1830,1900
대유,13.43,22.51,0.785,하락,18400,14450
대유에이텍,n/a,11.58,0.868,하락,1325,1150
대유에이피,24.53,4.51,1.325,상승,5810,7700
대유위니아,n/a,11.22,1.519,상승,2600,3950
대유플러스,3.09,2.68,1.089,상승,861,938
대정화금,9.44,9.34,1.12,상승,12950,14500
대주산업,3.31,15.24,1.103,상승,1450,1600
대주이엔티,11.54,5.01,1.549,상승,1620,2510
대주전자재료,0.58,39.08,0.938,하락,17600,16500
대창,5.7,13.47,1.594,상승,922,1470
대창단조,7.11,5.2,0.95,하락,42700,40550
대창솔루션,n/a,n/a,0.957,하락,815,780
대창스틸,n/a,23.13,1.064,상승,2755,2930
대한과학,7.19,9.82,1.112,상승,4660,5180
대한광통신,14.97,18.4,0.899,하락,5150,4630
대한뉴팜,5.18,7.57,1.249,상승,10250,12800
대한방직,9.26,n/a,1.401,상승,14700,20600
대한약품,22.26,5.11,0.956,하락,38800,37100
대한유화,16.22,2.2,0.893,하락,153500,137000
대한전선,n/a,18.06,0.768,하락,1015,780
대한제강,n/a,5.9,1.5,상승,5600,8400
대한제당,2.16,10.31,1.085,상승,18900,20500
대한제분,7.05,5.45,1.165,상승,176000,205000
대한항공,n/a,7.24,0.985,하락,32950,32450
대한해운,11.88,9.19,1.177,상승,21700,25550
대한화섬,9.15,25.37,1.01,상승,104000,105000
대현,8.34,4.44,1.065,상승,2315,2465
대호에이엘,2.72,33.53,0.919,하락,4190,3850
대호피앤씨,3.01,12.35,1.03,상승,1000,1030
대화제약,8.65,40.91,0.861,하락,20100,17300
더블유게임즈,19.02,8.49,1.126,상승,60400,68000
더블유에프엠,n/a,n/a,1.1,상승,3110,3420
더존비즈온,23.36,21.94,1.368,상승,51900,71000
더콘텐츠온,3.37,25.51,1.301,상승,8760,11400
덕산네오룩스,14.28,14.23,1.098,상승,14350,15750
덕산하이메탈,6.49,29.06,1.231,상승,4550,5600
덕성,n/a,58.88,0.869,하락,3500,3040
덕신하우징,12.75,5.02,1.0,보합,1555,1555
덕양산업,n/a,3.17,1.132,상승,1285,1455
덕우전자,n/a,7.57,1.062,상승,8100,8600
데브시스터즈,n/a,n/a,1.087,상승,8290,9010
데이타솔루션,n/a,n/a,1.195,상승,2980,3560
데이터스트림즈,n/a,266.78,1.256,상승,4300,5400
데일리블록체인,n/a,n/a,0.801,하락,1485,1190
데코앤이,n/a,n/a,0.858,하락,212,182
덱스터,5.4,20.01,1.691,상승,4825,8160
덴티움,19.25,17.19,1.236,상승,58000,71700
도이치모터스,20.58,6.16,2.31,상승,5130,11850
도화엔지니어링,5.69,14.13,1.196,상승,8820,10550
동구바이오제약,8.32,23.33,0.995,하락,19550,19450
동국S&C,n/a,157.43,0.883,하락,2955,2610
동국산업,2.82,8.9,1.131,상승,2440,2760
동국알앤에스,3.96,6.99,1.013,상승,2320,2350
동국제강,n/a,8.54,0.898,하락,7240,6500
동국제약,16.27,8.31,1.005,상승,57900,58200
동남합성,10.39,7.42,1.102,상승,21965,24200
동방,14.67,8.28,1.433,상승,1385,1985
동방선기,n/a,n/a,1.236,상승,2010,2485
동방아그로,4.69,9.58,1.095,상승,6620,7250
동부건설,22.21,4.36,1.096,상승,7390,8100
동부스팩5호,0.98,n/a,1.052,상승,2020,2125
동부제철,n/a,43.6,1.192,상승,6420,7650
동북아12호선박투자,6.0,16.23,1.01,상승,4970,5020
동북아13호선박투자,6.0,16.58,1.002,상승,5000,5010
동서,9.39,35.99,1.073,상승,17850,19150
동성제약,n/a,2120.84,1.194,상승,15200,18150
동성코퍼레이션,n/a,15.33,1.157,상승,5100,5900
동성화인텍,n/a,n/a,1.148,상승,7840,9000
동성화학,5.62,6.85,1.241,상승,13700,17000
동신건설,1.13,33.54,1.048,상승,5810,6090
동아쏘시오홀딩스,n/a,12.42,0.909,하락,108000,98200
동아에스티,1.38,14.84,0.967,하락,104500,101000
동아엘텍,11.19,4.96,1.137,상승,8370,9520
동아지질,11.32,3.57,1.223,상승,17500,21400
동아타이어,4.88,9.39,1.076,상승,12550,13500
동아화성,6.56,5.19,1.475,상승,4075,6010
동양,0.39,46.69,0.867,하락,2070,1795
동양고속,1.17,12.03,0.899,하락,29150,26200
동양네트웍스,n/a,n/a,0.871,하락,2280,1985
동양물산기업,n/a,23.5,1.019,상승,1870,1905
동양생명,2.34,n/a,0.825,하락,4785,3950
동양에스텍,n/a,23.15,1.03,상승,3010,3100
동양이엔피,2.54,5.65,1.249,상승,9250,11550
동양철관,n/a,63.28,0.815,하락,1540,1255
동양파일,n/a,196.2,1.108,상승,5100,5650
동양피스톤,12.88,5.99,1.097,상승,4950,5430
동양피엔에프,20.26,3.71,1.663,상승,4985,8290
동우팜투테이블,10.07,5.17,1.276,상승,3745,4780
동운아나텍,n/a,n/a,1.272,상승,5660,7200
동원F&B,9.26,11.58,1.0,보합,284000,284000
동원개발,18.79,2.27,1.229,상승,3990,4905
동원금속,n/a,7.03,1.16,상승,711,825
동원산업,7.35,6.45,1.221,상승,204000,249000
동원수산,4.08,8.73,0.996,하락,9000,8960
동원시스템즈,13.17,9.36,1.463,상승,27100,39650
동일고무벨트,5.65,5.28,1.05,상승,6370,6690
동일금속,8.93,6.09,1.148,상승,10450,12000
동일기연,n/a,n/a,1.143,상승,12900,14750
동일산업,4.48,5.5,1.116,상승,58600,65400
동일제강,0.1,13.01,0.924,하락,3210,2965
동일철강,n/a,n/a,1.423,상승,3845,5470
동진쎄미켐,16.85,5.71,1.646,상승,7350,12100
동화기업,7.02,6.33,0.903,하락,20600,18600
동화약품,3.39,11.27,1.036,상승,9190,9520
두산,n/a,9.29,0.848,하락,111500,94500
두산건설,n/a,n/a,0.871,하락,1360,1185
두산밥캣,7.38,6.66,1.073,상승,31450,33750
두산인프라코어,14.04,5.89,0.859,하락,7600,6530
두산중공업,n/a,8.42,0.77,하락,8456,6510
두올,9.1,2.19,1.202,상승,2870,3450
두올산업,n/a,19.57,0.7,하락,1542,1080
두원석재,n/a,10.48,0.958,하락,2840,2720
듀오백,n/a,n/a,1.056,상승,2215,2340
듀켐바이오,n/a,55.28,1.14,상승,10000,11400
드래곤플라이,n/a,n/a,1.118,상승,3530,3945
드림시큐리티,14.31,32.12,1.042,상승,3310,3450
드림어스컴퍼니,n/a,83.94,1.1,상승,7080,7790
드림텍,29.49,0.89, n/a, n/a, n/a, n/a
드림티엔터테인먼트,n/a,2.0,2.268,상승,295,669
디딤,8.37,15.09,0.95,하락,2800,2660
디바이스이엔지,25.39,3.15,1.5,상승,7900,11850
디스플레이텍,2.01,10.98,0.984,하락,3870,3810
디씨엠,4.29,11.84,1.133,상승,10900,12350
디아이,7.86,4.49,1.213,상승,3515,4265
디아이동일,0.0,6.35,1.409,상승,59600,84000
디아이씨,n/a,9.68,0.493,하락,6730,3315
디아이티,5.29,17.62,1.399,상승,6490,9080
디알젬,20.99,16.37,1.528,상승,6870,10500
디알텍,4.31,19.89,1.485,상승,1320,1960
디앤씨미디어,14.36,29.15,1.092,상승,14200,15500
디에스케이,21.27,5.87,1.712,상승,6600,11300
디에스티,n/a,28.81,1.271,상승,1015,1290
디에이치피코리아,11.03,10.34,1.088,상승,8670,9430
디에이테크놀로지,n/a,52.32,1.062,상승,3555,3775
디에이피,7.58,3.46,1.217,상승,2740,3335
디엔에이링크,n/a,n/a,1.0,보합,4150,4150
디엔에프,16.46,4.43,0.969,하락,7640,7400
디엠티,5.2,18.66,0.971,하락,2955,2870
디오,4.87,33.68,1.345,상승,29000,39000
디오스텍,n/a,n/a,0.686,하락,1035,710
디와이,1.75,4.29,1.047,상승,5530,5790
디와이파워,18.33,4.27,0.99,하락,14450,14300
디이엔티,n/a,n/a,1.189,상승,1960,2330
디자인,3.24,46.13,0.987,하락,9860,9730
디젠스,n/a,40.69,1.21,상승,533,645
디지아이,n/a,n/a,1.106,상승,2585,2860
디지캡,5.53,10.5,1.287,상승,3785,4870
디지탈옵틱,n/a,n/a,0.719,하락,1073,771
디지털대성,8.48,6.19,2.231,상승,4420,9860
디지틀조선,7.24,9.73,1.609,상승,1930,3105
디케이디앤아이,8.11,20.43,1.705,상승,2000,3410
디케이락,6.92,10.24,1.185,상승,9490,11250
디케이앤디,8.78,6.89,1.143,상승,4330,4950
디케이티,n/a,7.96,0.756,하락,14750,11150
디티알오토모티브,10.76,3.26,1.043,상승,32300,33700
디티앤씨,1.98,9.84,1.453,상승,8260,12000
디피씨,7.99,15.99,1.04,상승,5730,5960
디피코,3.95,18.22,3.649,상승,1110,4050
딜리,4.52,105.01,1.062,상승,1950,2070
라온시큐어,21.09,14.56,1.679,상승,2100,3525
라온테크,n/a,44.81,0.759,하락,6180,4690
라이브플렉스,n/a,95.98,1.3,상승,671,872
라이온켐텍,1.79,20.51,1.037,상승,8135,8440
라이트론,n/a,n/a,0.604,하락,8980,5420
라이프사이언스테크놀로지,n/a,n/a,1.497,상승,2900,4340
락앤락,4.68,19.49,0.756,하락,20700,15650
래몽래인,64.73,n/a,3.0,상승,1000,3000
램테크놀러지,8.2,12.37,1.26,상승,3135,3950
랩지노믹스,n/a,48.89,1.008,상승,6300,6350
러셀,0.16,8.53,1.255,상승,1590,1995
럭스피아,6.01,2.9,0.929,하락,700,650
럭슬,n/a,n/a,0.546,하락,1760,961
레고켐바이오,n/a,n/a,0.877,하락,57600,50500
레드로버,n/a,n/a,0.63,하락,1850,1165
레드캡투어,9.76,2.12,1.17,상승,15000,17550
레이언스,8.77,9.66,0.897,하락,16500,14800
로고스바이오,n/a,n/a,1.102,상승,13200,14550
로보로보,10.89,11.5,2.141,상승,1980,4240
로보스타,n/a,51.72,0.973,하락,24100,23450
로보쓰리,n/a,n/a,0.422,하락,5170,2180
로보티즈,4.87,69.21,0.858,하락,17900,15350
로스웰,6.23,4.87,1.372,상승,911,1250
로지시스,4.49,26.27,1.115,상승,2815,3140
로체시스템즈,n/a,968.25,1.406,상승,3100,4360
롯데관광개발,n/a,230.51,0.907,하락,14450,13100
롯데손해보험,16.44,n/a,0.91,하락,2670,2430
롯데쇼핑,n/a,8.56,0.775,하락,211500,164000
롯데정밀화학,16.72,3.63,1.17,상승,40850,47800
롯데정보통신,9.65,7.35,1.305,상승,35600,46450
롯데제과,0.94,8.84,1.042,상승,153000,159500
롯데지주,2.8,27.46,0.828,하락,52400,43400
롯데칠성음료,n/a,10.48,1.219,상승,139421,170000
롯데케미칼,13.04,3.91,0.933,하락,277500,259000
롯데푸드,6.31,8.36,0.793,하락,702000,557000
롯데하이마트,4.18,6.02,0.968,하락,46500,45000
루멘스,n/a,185.23,0.747,하락,3040,2270
루미마이크로,n/a,n/a,1.146,상승,1440,1650
루켄테크놀러지스,2.11,8.22,0.652,하락,9200,6000
루트로닉,n/a,n/a,1.113,상승,8200,9130
룽투코리아,22.56,10.82,1.386,상승,3650,5060
리노공업,19.82,12.01,1.283,상승,47400,60800
리노스,3.2,29.48,0.86,하락,2065,1775
리더스코스메틱,n/a,n/a,0.918,하락,11000,10100
리드,n/a,n/a,0.509,하락,11400,5800
리드코프,9.83,18.75,1.076,상승,5230,5630
리메드,n/a,n/a,1.07,상승,14900,15950
리켐,n/a,30.81,0.885,하락,3900,3450
린드먼아시아,12.51,n/a,0.973,하락,4975,4840
링네트,6.51,11.76,1.44,상승,3520,5070
링크제니시스,10.27,28.73,0.787,하락,7230,5690
마니커,n/a,19.81,1.593,상승,769,1225
마이크로컨텍솔,n/a,n/a,1.102,상승,2405,2650
마이크로텍,n/a,n/a,1.106,상승,1410,1560
마이크로프랜드,n/a,102.98,1.103,상승,4170,4600
마제스타,n/a,n/a,1.0,보합,1475,1475
마크로젠,3.34,22.41,1.101,상승,29300,32250
만도,7.64,5.7,1.038,상승,29050,30150
만호제강,1.17,10.05,1.1,상승,17450,19200
매일유업,18.39,6.26,1.13,상승,79000,89300
매일홀딩스,9.68,3.66,1.319,상승,10500,13850
매직마이크로,n/a,23.97,0.48,하락,3500,1680
매커스,18.7,5.05,1.171,상승,4130,4835
맥스로텍,5.66,5.55,1.096,상승,1245,1365
맥쿼리인프라,n/a,n/a
맵스리얼티1,n/a,n/a
머큐리,25.53,13.34,1.175,상승,10600,12450
멀티캠퍼스,19.36,10.29,1.155,상승,44000,50800
메가스터디,9.12,10.2,1.166,상승,9860,11500
메가스터디교육,20.86,4.49,1.447,상승,26050,37700
메가엠디,1.91,7.79,0.956,하락,2365,2260
메디쎄이,16.31,10.78,1.992,상승,6050,12050
메디아나,6.95,10.93,1.257,상승,6120,7690
메디안디노스틱,5.45,41.59,1.591,상승,27000,42950
메디젠휴먼케어,n/a,n/a,1.163,상승,12000,13950
메디톡스,31.5,33.68,0.757,하락,582100,440600
메디파트너생명공학,n/a,n/a,1.013,상승,6970,7060
메디포스트,n/a,n/a,0.911,하락,38459,35050
메디프론,n/a,n/a,0.98,하락,4795,4700
메리츠금융지주,13.87,n/a,1.281,상승,11550,14800
메리츠종금증권,13.0,n/a,1.197,상승,4285,5130
메리츠화재,11.55,n/a,1.007,상승,21800,21950
메이슨캐피탈,n/a,n/a,0.984,하락,383,377
메지온,n/a,n/a,1.267,상승,93500,118500
메카로,22.5,3.79,0.997,하락,14300,14250
메타랩스,n/a,n/a,1.026,상승,1955,2005
메타바이오메드,n/a,85.13,0.975,하락,2965,2890
멕아이씨에스,n/a,n/a,1.467,상승,3285,4820
멜파스,n/a,n/a,1.08,상승,2070,2235
명문제약,1.05,32.48,1.002,상승,5250,5260
명성티엔에스,6.73,40.14,0.798,하락,17850,14250
명진홀딩스,15.59,14.51,1.117,상승,3090,3450
모나리자,n/a,102.96,1.036,상승,3515,3640
모나미,0.84,8.09,0.966,하락,2680,2590
모다,n/a,n/a,1.0,보합,155,155
모다이노칩,7.8,6.87,1.153,상승,4095,4720
모두투어,9.31,23.46,0.859,하락,24150,20750
모두투어리츠,2.16,17.79,0.927,하락,3235,3000
모바일리더,13.44,8.97,3.588,상승,9810,35200
모바일어플라이언스,7.06,16.98,1.312,상승,5260,6900
모베이스,9.79,2.16,1.986,상승,3590,7130
모비스,n/a,n/a,0.621,하락,4390,2725
모아텍,1.42,24.1,1.073,상승,4400,4720
모토닉,2.47,19.42,1.165,상승,10000,11650
모트렉스,1.03,20.9,0.922,하락,4050,3735
모헨즈,5.2,17.56,0.958,하락,5740,5500
무림P&P,11.83,4.79,0.905,하락,6080,5500
무림SP,5.63,15.28,1.052,상승,2695,2835
무림페이퍼,8.06,5.8,1.163,상승,2820,3280
무학,n/a,20.67,0.838,하락,13550,11350
문배철강,4.7,19.32,1.035,상승,2970,3075
미디어젠,n/a,2882.26,1.32,상승,10150,13400
미래SCI,n/a,n/a,1.471,상승,1360,2000
미래나노텍,4.19,6.94,1.466,상승,3280,4810
미래산업,n/a,n/a,0.849,하락,179,152
미래생명자원,6.69,24.87,1.246,상승,3025,3770
미래아이앤지,n/a,n/a,1.046,상승,323,338
미래에셋대우,5.83,n/a,1.167,상승,6590,7690
미래에셋대우스팩1호,0.44,n/a,1.048,상승,2065,2165
미래에셋대우스팩2호,n/a,n/a,1.199,상승,2040,2445
미래에셋벤처투자,n/a,n/a, n/a, n/a, n/a, n/a
미래에셋생명,5.18,n/a,1.013,상승,4580,4640
미래에셋제5호스팩,0.18,n/a,3.002,상승,2095,6290
미래컴퍼니,19.53,14.11,0.996,하락,50200,50000
미래테크놀로지,n/a,8.31,1.112,상승,8390,9330
미스터블루,9.04,11.3,1.421,상승,2330,3310
미애부,n/a,n/a,0.94,하락,3190,3000
미원상사,11.37,4.75,1.121,상승,39378,44150
미원에스씨,17.74,6.21,1.144,상승,64600,73900
미원홀딩스,7.62,18.29,1.262,상승,34200,43150
미원화학,8.51,6.67,0.965,하락,43200,41700
미창석유공업,4.31,8.77,1.034,상승,77100,79700
미코,18.67,3.94,1.415,상승,4800,6790
미코바이오메드,n/a,n/a,1.028,상승,7200,7400
미투온,17.07,6.16,1.393,상승,5630,7840
민앤지,14.79,8.3,1.364,상승,17600,24000
바다로19호,16.31,7.74,1.031,상승,2900,2990
바디텍메드,n/a,23.82,1.115,상승,10900,12150
바른손,n/a,n/a,1.245,상승,2100,2615
바른손이앤에이,153.19,n/a,1.853,상승,1225,2270
바른전자,n/a,n/a,1.0,보합,418,418
바른테크놀로지,n/a,n/a,1.844,상승,469,865
바이넥스,4.56,18.64,1.163,상승,9240,10750
바이오니아,n/a,n/a,1.326,상승,7450,9880
바이오로그디바이스,13.28,4.38,1.187,상승,1845,2190
바이오리더스,n/a,n/a,0.877,하락,12600,11050
바이오빌,n/a,n/a,0.818,하락,2000,1635
바이오솔루션,5.04,150.26,1.228,상승,33400,41000
바이오스마트,7.07,7.82,1.231,상승,3770,4640
바이오시네틱스,n/a,n/a,1.507,상승,7300,11000
바이오제네틱스,n/a,n/a,0.811,하락,8680,7040
바이오코아,n/a,16.15,0.903,하락,4485,4050
바이오톡스텍,12.53,29.22,0.858,하락,8370,7180
바이오프로테크,0.57,13.39,0.837,하락,4300,3600
바이온,n/a,n/a,0.837,하락,1660,1390
바이옵트로,16.3,15.7,1.232,상승,1785,2200
바텍,13.13,6.93,1.3,상승,21850,28400
방림,1.61,17.32,0.913,하락,2465,2250
배럴,17.2,10.78,1.483,상승,10150,15050
백광산업,16.33,4.43,1.224,상승,2500,3060
백광소재,3.2,8.47,2.011,상승,2630,5290
백금T&A,12.49,5.75,1.028,상승,2840,2920
백산,11.66,8.35,1.636,상승,6420,10500
버추얼텍,n/a,n/a,1.725,상승,626,1080
버킷스튜디오,n/a,n/a,1.186,상승,2554,3030
범양건영,11.62,5.06,1.139,상승,1550,1765
베뉴지,1.02,35.37,1.357,상승,1795,2435
베셀,3.38,14.98,0.862,하락,4140,3570
베스파,n/a,6.41,1.007,상승,22800,22950
베트남개발1,n/a,n/a
벽산,3.37,13.19,1.01,상승,2460,2485
보광산업,7.86,15.98,1.13,상승,4035,4560
보라티알,9.77,7.96,1.059,상승,6490,6870
보락,2.54,43.13,1.206,상승,2060,2485
보령메디앙스,6.55,24.17,0.935,하락,9530,8910
보령제약,8.03,12.64,1.175,상승,10000,11750
보성파워텍,n/a,87.86,0.897,하락,2575,2310
보해양조,n/a,199.97,0.659,하락,2025,1335
본느,1.84,16.03,2.348,상승,2025,4755
볼빅,8.41,18.44,0.924,하락,7890,7290
부광약품,46.64,37.51,0.804,하락,25300,20350
부국증권,6.18,n/a,0.912,하락,22250,20300
부국철강,1.85,42.64,1.25,상승,3000,3750
부방,1.1,11.33,1.392,상승,2065,2875
부산도시가스,8.17,5.45,1.018,상승,37000,37650
부산산업,5.92,17.54,0.755,하락,165500,125000
부산주공,n/a,49.69,1.255,상승,490,615
부스타,4.26,15.86,1.027,상승,5510,5660
뷰웍스,15.56,12.85,0.997,하락,33200,33100
브레인콘텐츠,n/a,45.99,1.078,상승,844,910
브리지텍,5.01,13.11,1.159,상승,2965,3435
브이원텍,22.1,9.06,1.432,상승,9600,13750
블러썸엠앤씨,n/a,257.33,1.71,상승,15500,26500
블루콤,1.16,16.82,0.911,하락,4160,3790
비나텍,29.7,9.01,1.562,상승,8900,13900
비덴트,33.48,92.82,0.84,하락,7318,6150
비디아이,2.49,15.62,1.273,상승,8050,10250
비상교육,1.17,2.93,1.459,상승,6210,9060
비씨월드제약,10.13,17.82,0.868,하락,22350,19400
비아트론,20.6,4.05,1.079,상승,10150,10950
비에이치,47.93,4.76,1.067,상승,17050,18200
비에이치아이,n/a,n/a,0.743,하락,3450,2565
비엔디생활건강,11.03,13.86,0.885,하락,3100,2745
비엔에프코퍼레이션,3.26,11.46,1.0,보합,1650,1650
비엠티,11.06,7.72,0.914,하락,7330,6700
비즈니스온,15.7,24.05,1.013,상승,15100,15300
비츠로셀,13.46,7.91,1.148,상승,10021,11500
비츠로시스,n/a,n/a,0.614,하락,790,485
비츠로테크,5.2,10.61,1.034,상승,5600,5790
비트컴퓨터,n/a,n/a,0.935,하락,5070,4740
비티원,9.6,121.17,0.752,하락,5000,3760
비플라이소프트,n/a,n/a,0.788,하락,2990,2355
비피도,3.58,24.39,0.992,하락,29750,29500
빅솔론,10.29,7.95,0.926,하락,6210,5750
빅텍,2.43,11.42,1.407,상승,2250,3165
빅텐츠,n/a,n/a,0.784,하락,10200,8000
빙그레,6.37,10.85,1.0,보합,71700,71700
빛샘전자,3.16,13.4,1.189,상승,5920,7040
사람인에이치알,20.17,10.06,1.302,상승,18050,23500
사조대림,4.56,8.17,0.913,하락,24050,21950
사조동아원,9.32,10.41,1.152,상승,1185,1365
사조산업,8.9,9.37,1.1,상승,49900,54900
사조씨푸드,5.88,9.41,0.994,하락,6300,6260
사조오양,5.23,8.51,0.85,하락,9770,8300
사조해표,5.18,9.84,0.826,하락,10150,8380
삼강엠앤티,n/a,n/a,1.029,상승,4590,4725
삼광글라스,n/a,480.38,1.313,상승,29250,38400
삼기오토모티브,0.47,7.3,1.134,상승,2500,2835
삼륭물산,n/a,13.51,0.973,하락,4830,4700
삼목에스폼,12.12,2.39,1.108,상승,11600,12850
삼보모터스,2.08,6.12,0.859,하락,7390,6350
삼보산업,n/a,15.03,1.617,상승,1141,1845
삼보판지,19.45,2.86,1.54,상승,8084,12450
삼본전자,3.17,93.67,1.008,상승,3250,3275
삼부토건,n/a,n/a,1.036,상승,870,901
삼성SDI,6.05,13.16,1.068,상승,222000,237000
삼성공조,2.99,32.96,1.16,상승,9010,10450
삼성머스트스팩3호,n/a,n/a,1.05,상승,2015,2115
삼성물산,8.06,14.56,0.888,하락,105500,93700
삼성바이오로직스,5.51,173.81,0.788,하락,389500,307000
삼성생명,5.71,n/a,1.011,상승,81700,82600
삼성스팩2호,n/a,n/a,1.037,상승,2010,2085
삼성에스디에스,10.91,13.45,1.068,상승,205000,219000
삼성엔지니어링,6.6,13.29,0.924,하락,17650,16300
삼성전기,14.5,5.24,0.923,하락,104500,96500
삼성전자,19.63,3.1,1.138,상승,39400,44850
삼성제약,n/a,n/a,1.058,상승,2520,2665
삼성중공업,n/a,n/a,1.044,상승,7470,7800
삼성증권,7.37,n/a,1.125,상승,31250,35150
삼성출판사,0.38,13.77,1.484,상승,11250,16700
삼성카드,5.04,n/a,1.114,상승,34200,38100
삼성화재해상보험,8.79,n/a,1.022,상승,268000,274000
삼아알미늄,2.64,8.32,1.207,상승,4285,5170
삼아제약,5.55,8.46,1.088,상승,15950,17350
삼양사,4.13,7.41,0.978,하락,55500,54300
삼양식품,16.16,6.1,1.377,상승,52200,71900
삼양옵틱스,34.73,7.61,1.198,상승,12900,15450
삼양통상,8.96,3.57,1.637,상승,42700,69900
삼양패키징,8.38,7.59,1.038,상승,17150,17800
삼양홀딩스,5.02,7.61,0.944,하락,78000,73600
삼영무역,8.99,32.57,1.181,상승,14050,16600
삼영엠텍,1.87,14.13,0.997,하락,3445,3435
삼영이엔씨,0.32,16.14,1.114,상승,5370,5980
삼영전자공업,3.18,12.13,1.004,상승,11850,11900
삼영화학공업,n/a,48.72,1.236,상승,829,1025
삼우엠스,n/a,n/a,0.705,하락,909,641
삼원강재,5.97,5.65,1.072,상승,2855,3060
삼원테크,n/a,131.99,0.97,하락,1815,1760
삼익THK,9.8,7.48,1.191,상승,9820,11700
삼익악기,6.49,12.61,1.093,상승,1820,1990
삼일,4.18,8.88,1.23,상승,1980,2435
삼일기업공사,5.57,13.12,0.939,하락,3385,3180
삼일제약,n/a,n/a,1.267,상승,20750,26300
삼정펄프,n/a,25.42,1.052,상승,33450,35200
삼지전자,7.62,11.17,1.483,상승,10150,15050
삼진,2.49,12.54,1.341,상승,7240,9710
삼진엘앤디,2.03,4.57,1.128,상승,2070,2335
삼진제약,12.8,8.48,0.831,하락,40150,33350
삼천당제약,6.04,41.15,1.073,상승,38400,41200
삼천리,2.57,5.43,1.025,상승,91000,93300
삼천리자전거,n/a,n/a,1.089,상승,6420,6990
삼표시멘트,n/a,16.51,0.856,하락,4345,3720
삼현철강,5.07,6.26,0.946,하락,4680,4425
삼호,18.7,2.39,1.743,상승,14400,25100
삼호개발,12.09,5.16,1.0,보합,5070,5070
삼화네트웍스,n/a,n/a,1.319,상승,1440,1900
삼화왕관,7.21,6.35,0.985,하락,46850,46150
삼화전기,14.29,17.49,0.795,하락,21950,17450
삼화전자공업,n/a,1018.98,1.333,상승,2250,3000
삼화콘덴서공업,63.52,6.3,1.015,상승,54100,54900
삼화페인트공업,0.26,12.82,0.794,하락,6940,5510
상보,n/a,12.26,1.168,상승,1755,2050
상상인,37.93,4.83,1.177,상승,18050,21250
상상인인더스트리,n/a,n/a,1.0,보합,3130,3130
상상인증권,n/a,n/a,1.389,상승,1800,2500
상신브레이크,4.91,5.42,0.975,하락,4250,4145
상신이디피,17.57,7.92,0.879,하락,12850,11300
상신전자,6.21,15.64,0.962,하락,5750,5530
상아프론테크,10.55,9.88,1.235,상승,13600,16800
상지카일룸,27.06,53.96,0.973,하락,2070,2015
새로닉스,9.9,8.23,1.091,상승,4100,4475
새론오토모티브,3.35,5.22,0.93,하락,5870,5460
샘코,n/a,n/a,5.918,상승,4275,25300
샘표,8.82,5.29,1.368,상승,33700,46100
샘표식품,14.58,4.37,1.107,상승,27600,30550
서린바이오,4.99,22.6,0.943,하락,10400,9810
서부T&D,n/a,60.38,0.977,하락,9000,8790
서산,n/a,97.27,0.985,하락,3605,3550
서암기계공업,5.87,17.14,0.826,하락,7020,5800
서연,n/a,9.22,1.193,상승,3660,4365
서연이화,n/a,5.71,1.508,상승,4475,6750
서연전자,n/a,9.27,1.043,상승,1520,1585
서연탑메탈,n/a,19.5,0.847,하락,3230,2735
서울도시가스,4.46,11.55,0.929,하락,84300,78300
서울리거,n/a,126.21,1.068,상승,2665,2845
서울반도체,10.1,6.95,0.98,하락,19700,19300
서울식품공업,2.3,20.33,1.09,상승,178,194
서울옥션,10.0,19.41,0.919,하락,8870,8150
서울전자통신,n/a,303.25,1.154,상승,1205,1390
서울제약,n/a,n/a,1.283,상승,5830,7480
서원,7.47,13.77,1.227,상승,1080,1325
서원인텍,3.15,7.44,1.226,상승,4700,5760
서전기전,9.55,7.06,0.955,하락,4450,4250
서진시스템,17.95,7.45,1.512,상승,18050,27300
서진오토모티브,n/a,8.84,1.19,상승,2295,2730
서플러스글로벌,17.46,4.46,0.842,하락,3105,2615
서한,14.41,2.87,0.878,하락,1880,1650
서호전기,8.88,8.92,1.924,상승,11850,22800
서흥,9.47,8.55,1.503,상승,23450,35250
서희건설,13.22,2.38,1.162,상승,1205,1400
선광,3.42,6.64,1.003,상승,17050,17100
선데이토즈,7.51,19.41,1.088,상승,18800,20450
선도전기,n/a,31.66,0.814,하락,4685,3815
선바이오,n/a,310.5,0.815,하락,24350,19850
선익시스템,5.9,6.86,1.021,상승,7650,7810
선진,5.61,12.44,1.08,상승,11250,12150
선창산업,n/a,21.92,0.979,하락,5230,5120
성광벤드,n/a,n/a,0.935,하락,11550,10800
성도이엔지,8.15,3.4,1.146,상승,4940,5660
성문전자,0.7,22.42,1.065,상승,2690,2865
성보화학,3.89,34.13,0.893,하락,5720,5110
성신양회,4.38,8.52,0.772,하락,12200,9420
성안,n/a,124.23,0.915,하락,634,580
성우전자,7.97,2.54,1.169,상승,2870,3355
성우테크론,12.14,4.24,0.99,하락,4040,4000
성우하이텍,2.42,5.07,1.174,상승,3650,4285
성창기업지주,n/a,n/a,1.026,상승,1940,1990
성창오토텍,n/a,13.57,1.124,상승,8530,9590
성호전자,n/a,13.15,1.135,상승,890,1010
세기상사,n/a,178.25,1.059,상승,66000,69900
세동,n/a,12.58,1.402,상승,569,798
세명전기,5.34,28.8,0.75,하락,7230,5420
세미콘라이트,n/a,76.25,0.87,하락,1075,935
세방,5.47,11.19,1.165,상승,12100,14100
세방전지,10.32,3.29,1.209,상승,35600,43050
세보엠이씨,14.53,3.14,1.1,상승,9410,10350
세아베스틸,1.14,8.3,0.983,하락,17650,17350
세아제강,n/a,20.47,1.145,상승,57200,65500
세아제강지주,29.05,8.46,1.118,상승,49300,55100
세아특수강,3.56,5.22,1.0,보합,15000,15000
세아홀딩스,1.72,8.66,0.946,하락,96400,91200
세우글로벌,1.63,63.61,1.13,상승,1770,2000
세운메디칼,11.79,9.86,0.95,하락,3870,3675
세원,4.62,13.64,1.09,상승,2440,2660
세원물산,3.21,2.33,1.386,상승,5180,7180
세원셀론텍,n/a,n/a,0.95,하락,3695,3510
세원정공,n/a,27.55,1.389,상승,6870,9540
세이브존I&C,6.17,3.59,1.155,상승,3385,3910
세종공업,n/a,6.07,0.81,하락,7990,6470
세종머티리얼즈,n/a,66.32,0.438,하락,315,138
세종메디칼,11.7,17.51,1.047,상승,10750,11250
세종텔레콤,n/a,21.6,1.104,상승,481,531
세중,n/a,34.83,0.975,하락,3835,3740
세진중공업,1.13,18.24,1.296,상승,3880,5030
세진티에스,n/a,346.47,1.136,상승,2685,3050
세코닉스,n/a,6.62,0.947,하락,7770,7360
세하,23.41,8.7,0.996,하락,1400,1395
세화아이엠씨,n/a,n/a,1.0,보합,2990,2990
세화피앤씨,4.46,31.62,1.456,상승,2755,4010
셀루메드,n/a,n/a,0.896,하락,9250,8290
셀리드,n/a,n/a, n/a, n/a, n/a, n/a
셀리버리,n/a,n/a,2.162,상승,22900,49500
셀바스AI,n/a,n/a,0.9,하락,4200,3780
셀바스헬스케어,n/a,n/a,0.652,하락,3250,2120
셀젠텍,18.45,32.96,0.916,하락,18500,16950
셀트리온,10.84,61.4,0.9,하락,224500,202000
셀트리온제약,n/a,141.33,0.818,하락,64300,52600
셀트리온헬스케어,0.68,n/a,0.77,하락,76500,58900
소리바다,n/a,n/a,1.113,상승,1015,1130
소프트센,n/a,31.85,1.291,상승,1255,1620
소프트캠프,25.49,1.5,1.679,상승,3150,5290
손오공,5.65,34.9,1.096,상승,2235,2450
솔고바이오,n/a,n/a,0.696,하락,369,257
솔루에타,n/a,6.46,1.313,상승,3405,4470
솔본,7.46,8.72,1.043,상승,4515,4710
솔브레인,14.53,3.93,1.013,상승,47900,48500
솔트웍스,0.09,45.41,1.084,상승,3700,4010
송원산업,9.61,7.63,1.149,상승,19100,21950
쇼박스,3.11,4.14,1.106,상승,3010,3330
수산아이앤티,4.37,10.56,1.007,상승,6800,6850
수산중공업,6.95,48.96,1.072,상승,1675,1795
수성,n/a,n/a,1.0,보합,5820,5820
수젠텍,n/a,n/a,0.715,하락,12700,9080
수프로,10.97,11.42,0.979,하락,4700,4600
슈펙스비앤피,n/a,n/a,0.826,하락,1005,830
슈프리마,11.06,11.55,1.348,상승,26000,35050
슈프리마에이치큐,5.57,8.46,1.434,상승,6310,9050
슈피겐코리아,17.7,6.37,1.34,상승,53000,71000
스맥,n/a,38.85,1.168,상승,2980,3480
스카이문스테크놀로지,n/a,n/a,0.799,하락,2440,1950
스킨앤스킨,n/a,n/a,0.792,하락,597,473
스타플렉스,7.84,22.07,0.932,하락,5020,4680
스템랩,n/a,n/a,1.525,상승,14100,21500
스튜디오드래곤,9.31,22.51,0.767,하락,93400,71600
스튜디오썸머,n/a,n/a,0.626,하락,3250,2035
스페코,n/a,n/a,0.809,하락,4135,3345
승일,5.73,7.14,1.071,상승,8990,9630
시공테크,1.51,n/a,1.06,상승,6130,6500
시그네틱스,n/a,4.57,1.454,상승,870,1265
시그넷이브이,n/a,20.7,0.863,하락,12750,11000
시너지이노베이션,n/a,18.9,0.99,하락,2050,2030
시노펙스,1.11,17.99,1.007,상승,2935,2955
시디즈,17.13,15.56,1.286,상승,35300,45400
시스웍,14.15,7.99,1.174,상승,2410,2830
시큐브,10.06,17.85,1.15,상승,1370,1575
시큐센,n/a,32.64,1.077,상승,11000,11850
신대양제지,24.79,2.95,1.429,상승,59500,85000
신도리코,4.06,9.69,1.033,상승,46050,47550
신라교역,8.17,16.52,1.124,상승,12900,14500
신라섬유,1.21,73.62,1.032,상승,2160,2230
신라에스지,n/a,19.51,1.183,상승,4710,5570
신라젠,n/a,n/a,0.75,하락,74500,55900
신성델타테크,3.43,7.48,1.102,상승,3420,3770
신성이엔지,10.92,23.47,1.215,상승,1000,1215
신성통상,3.31,10.82,1.1,상승,918,1010
신세계,6.94,9.92,1.167,상승,257500,300500
신세계I&C,16.32,7.1,1.118,상승,114500,128000
신세계건설,24.25,3.33,1.371,상승,24000,32900
신세계인터내셔날,11.09,17.88,1.235,상승,196000,242000
신세계푸드,2.69,7.35,1.051,상승,85900,90300
신송홀딩스,n/a,44.22,1.123,상승,4380,4920
신스타임즈,n/a,n/a,1.009,상승,2275,2295
신신제약,5.43,32.98,0.956,하락,7480,7150
신영스팩4호,n/a,n/a,1.072,상승,2015,2160
신영와코루,0.88,41.48,0.923,하락,130000,120000
신영증권,6.53,n/a,0.968,하락,59000,57100
신원,n/a,27.54,1.048,상승,2100,2200
신원종합개발,16.89,4.18,0.996,하락,4060,4045
신일산업,18.87,5.84,1.932,상승,1315,2540
신일제약,6.14,7.89,0.998,하락,9700,9680
신진에스엠,4.66,8.31,1.11,상승,5430,6030
신풍제약,0.92,21.58,1.117,상승,6510,7270
신풍제지,18.04,2.36,0.981,하락,1340,1315
신한,n/a,2.07,1.433,상승,3450,4945
신한알파리츠,n/a,510.7,1.149,상승,5620,6460
신한제3호스팩,0.66,n/a,1.114,상승,2065,2300
신한제4호스팩,1.0,n/a,1.047,상승,2025,2120
신한지주,9.21,n/a,1.13,상승,40350,45600
신화실업,1.76,16.1,1.165,상승,20350,23700
신화인터텍,n/a,12.86,2.937,상승,1505,4420
신화콘텍,n/a,7.47,1.027,상승,3185,3270
신흥,3.52,27.13,0.966,하락,10350,10000
신흥에스이씨,12.52,13.11,1.14,상승,36500,41600
실리콘웍스,11.4,8.49,1.253,상승,33600,42100
심텍,2.36,3.57,0.871,하락,6800,5920
심텍홀딩스,0.53,3.6,0.969,하락,1795,1740
싸이맥스,12.89,4.67,1.247,상승,7780,9700
싸이토젠,n/a,n/a,1.061,상승,11400,12100
쌍방울,n/a,45.93,1.034,상승,1020,1055
쌍용양회공업,7.51,10.03,0.989,하락,6330,6260
쌍용자동차,n/a,4.34,1.059,상승,3960,4195
쌍용정보통신,50.09,15.03,1.055,상승,1365,1440
써니전자,9.42,66.43,1.434,상승,2350,3370
썬테크,n/a,n/a,1.087,상승,9200,10000
썬텍,n/a,n/a,1.0,보합,1000,1000
썸에이지,n/a,n/a,0.877,하락,1099,964
쎄노텍,n/a,737.84,1.199,상승,2035,2440
쎄니트,4.37,10.2,0.931,하락,2040,1900
쎄미시스코,2.97,64.18,1.282,상승,7300,9360
쎄트렉아이,8.23,9.21,1.713,상승,12496,21400
쎌바이오텍,19.8,11.2,0.77,하락,28450,21900
쏠리드,9.48,26.72,1.871,상승,3325,6220
씨씨에스,n/a,29.54,1.0,보합,423,423
씨아이에스,n/a,n/a,1.009,상승,2350,2370
씨아이테크,n/a,34.84,0.936,하락,519,486
씨알푸드,4.41,25.79,1.0,보합,20900,20900
씨앗,1.64,9.17,0.65,하락,2770,1800
씨앤에스링크,6.51,7.15,2.553,상승,4700,12000
씨앤지하이테크,24.08,3.9,1.116,상승,5975,6670
씨에스윈드,1.96,12.78,1.478,상승,27400,40500
씨엔플러스,n/a,n/a,1.0,보합,839,839
씨엠에스에듀,12.31,13.94,0.966,하락,6720,6490
씨유메디칼,3.91,12.27,1.164,상승,2255,2625
씨이랩,n/a,n/a,1.608,상승,11100,17850
씨젠,7.48,25.09,1.809,상승,16200,29300
씨케이에이치,n/a,n/a,1.394,상승,310,432
씨큐브,9.27,8.91,1.481,상승,6740,9980
씨트리,n/a,n/a,1.117,상승,4275,4775
씨티네트웍스,n/a,4.64,2.42,상승,688,1665
씨티씨바이오,n/a,n/a,0.925,하락,8110,7500
씨티젠,n/a,35.35,0.971,하락,2600,2525
씨티케이코스메틱스,4.69,34.24,1.009,상승,21400,21600
아가방컴퍼니,n/a,n/a,0.901,하락,3755,3385
아나패스,n/a,n/a,1.849,상승,18850,34850
아난티,n/a,46.12,0.83,하락,19450,16150
아남전자,n/a,n/a,1.187,상승,2650,3145
아리온,n/a,n/a,0.792,하락,1060,839
아모그린텍,n/a,n/a, n/a, n/a, n/a, n/a
아모레퍼시픽,7.75,17.85,0.853,하락,208000,177500
아모레퍼시픽그룹,4.65,10.83,0.884,하락,72500,64100
아모텍,3.66,8.7,1.244,상승,18250,22700
아미노로직스,16.26,34.9,1.142,상승,1730,1975
아미코젠,37.11,64.25,0.794,하락,34500,27400
아바코,22.73,3.88,1.175,상승,5890,6920
아바텍,5.63,6.76,1.522,상승,5340,8130
아비코전자,26.39,6.95,0.906,하락,5660,5130
아세아,7.07,5.59,0.991,하락,113000,112000
아세아시멘트,2.08,7.57,0.887,하락,107000,94900
아세아제지,15.83,2.59,1.3,상승,31950,41550
아세아텍,3.05,11.48,1.662,상승,2900,4820
아스타,n/a,n/a,0.84,하락,8480,7120
아스트,3.94,20.39,1.155,상승,9484,10950
아시아경제,31.09,8.73,0.909,하락,2350,2135
아시아나IDT,6.6,6.99,1.966,상승,11700,23000
아시아나항공,n/a,7.05,1.452,상승,4145,6020
아시아종묘,n/a,n/a,1.325,상승,6040,8000
아우딘퓨쳐스,18.33,16.54,0.661,하락,15950,10550
아이디스,2.86,30.03,1.301,상승,21400,27850
아이디스홀딩스,10.72,7.0,1.059,상승,13600,14400
아이마켓코리아,3.25,6.04,1.472,상승,6930,10200
아이센스,13.16,9.2,1.113,상승,22550,25100
아이쓰리시스템,14.55,8.65,1.225,상승,16900,20700
아이씨디,22.47,2.98,1.484,상승,6690,9930
아이씨케이,n/a,n/a,1.82,상승,1225,2230
아이앤씨,3.82,13.15,1.805,상승,3290,5940
아이에스동서,23.01,3.28,1.248,상승,30650,38250
아이에스이커머스,n/a,n/a,1.005,상승,4030,4050
아이에이,n/a,92.44,1.141,상승,619,706
아이에이치큐,n/a,5.54,1.145,상승,1900,2175
아이엘사이언스,42.77,39.36,1.04,상승,4990,5190
아이엠,n/a,7.56,1.131,상승,1220,1380
아이엠텍,n/a,n/a,0.93,하락,1290,1200
아이오케이,n/a,n/a,0.964,하락,1825,1760
아이원스,4.29,8.66,0.85,하락,7550,6420
아이즈비전,13.22,6.71,1.241,상승,4680,5810
아이진,n/a,n/a,0.872,하락,14500,12650
아이컴포넌트,n/a,264.21,1.008,상승,6550,6600
아이케이세미콘,7.13,16.57,1.202,상승,5390,6480
아이큐어,n/a,n/a,1.16,상승,33100,38400
아이크래프트,n/a,65.21,1.382,상승,2775,3835
아이텍,4.97,11.18,1.194,상승,13400,16000
아이티센,n/a,19.51,1.514,상승,3315,5020
아이피몬스터,n/a,n/a,0.4,하락,640,256
아주IB투자,8.19,n/a,1.16,상승,1125,1305
아주캐피탈,12.5,n/a,1.272,상승,8530,10850
아즈텍WB,4.4,13.71,1.102,상승,1770,1950
아진산업,n/a,5.88,1.29,상승,2085,2690
아진엑스텍,10.87,9.18,1.049,상승,7700,8080
아프리카TV,26.6,14.56,1.674,상승,39600,66300
안국약품,9.32,6.96,1.159,상승,9920,11500
안랩,12.08,18.03,1.358,상승,46850,63600
안지오랩,n/a,310.08,1.101,상승,18900,20800
안트로젠,n/a,n/a,0.794,하락,70800,56200
알로이스,47.28,3.52,1.571,상승,2800,4400
알루코,0.94,10.39,1.087,상승,2830,3075
알리코제약,2.99,13.79,0.891,하락,12350,11000
알서포트,9.73,18.58,1.887,상승,2120,4000
알에스오토메이션,2.6,36.13,1.013,상승,11200,11350
알에프세미,0.45,10.79,1.219,상승,5700,6950
알에프텍,5.51,11.33,0.979,하락,6640,6500
알엔투테크놀로지,4.43,15.57,1.596,상승,9150,14600
알테오젠,n/a,n/a,1.544,상승,29300,45250
알톤스포츠,n/a,128.93,0.707,하락,3860,2730
알티캐스트,n/a,8.38,0.79,하락,3065,2420
알파홀딩스,n/a,n/a,0.784,하락,11600,9100
앙츠,46.79,3.17,1.775,상승,2845,5050
애경산업,28.48,14.29,0.924,하락,48300,44650
애경유화,16.36,4.1,1.03,상승,7910,8150
애니젠,n/a,n/a,0.964,하락,13900,13400
액션스퀘어,n/a,n/a,0.939,하락,1800,1690
액토즈소프트,n/a,192.57,1.387,상승,11250,15600
액트,6.97,8.44,1.311,상승,2670,3500
액트로,30.38,2.84,1.806,상승,6726,12150
앤디포스,n/a,24.72,0.927,하락,5860,5430
앤씨앤,n/a,n/a,0.499,하락,8230,4105
앤유엔터테인먼트,n/a,n/a,1.442,상승,6200,8940
앱클론,n/a,n/a,1.245,상승,41450,51600
야스,29.17,4.44,1.442,상승,15600,22500
양지사,3.95,31.72,1.192,상승,8810,10500
어보브반도체,10.8,6.83,1.742,상승,4260,7420
엄지하우스,10.0,4.46,1.571,상승,3100,4870
에너전트,n/a,n/a,0.752,하락,2255,1695
에너토크,3.25,14.47,0.999,하락,4170,4165
에넥스,2.28,17.82,1.025,상승,1380,1415
에듀파트너,5.48,0.96,1.118,상승,1700,1900
에버다임,5.4,5.96,1.012,상승,5760,5830
에브리봇,5.48,28.18,0.883,하락,8720,7700
에스넷,6.63,7.21,2.392,상승,4055,9700
에스디생명공학,8.3,16.35,0.926,하락,8760,8110
에스디시스템,n/a,n/a,2.764,상승,1845,5100
에스마크,n/a,n/a,0.605,하락,1650,998
에스맥,4.01,10.44,1.044,상승,1030,1075
에스모,n/a,353.99,0.829,하락,7150,5930
에스씨디,7.83,6.64,1.417,상승,1200,1700
에스아이리소스,n/a,27.05,1.133,상승,564,639
에스알바이오텍,n/a,n/a,0.665,하락,20150,13400
에스앤더블류,n/a,n/a,0.294,하락,14400,4235
에스앤디,16.95,19.53,0.382,하락,361300,138000
에스앤씨엔진그룹,4.13,1.63,0.875,하락,570,499
에스앤에스텍,5.85,6.26,1.862,상승,3765,7010
에스에너지,n/a,19.88,0.768,하락,5960,4580
에스에스알,7.19,28.31,1.002,상승,9140,9160
에스에이엠티,15.67,6.06,1.589,상승,1655,2630
에스에이티,8.53,4.8,1.429,상승,1770,2530
에스에이티이엔지,15.69,7.53,0.906,하락,3810,3450
에스에프씨,n/a,n/a,0.606,하락,2995,1815
에스에프에이,20.22,4.96,1.207,상승,34600,41750
에스엔유,9.68,6.3,0.906,하락,2930,2655
에스엔텍,14.11,11.12,0.885,하락,5840,5170
에스엔피제네틱스,38.71,n/a,0.646,하락,6190,4000
에스엘,3.01,7.95,1.178,상승,19900,23450
에스엘에스바이오,n/a,48.31,0.764,하락,7200,5500
에스엠,7.96,15.45,0.902,하락,51900,46800
에스엠비나,31.36,4.54,0.698,하락,12250,8550
에스엠코어,2.0,89.75,1.236,상승,8660,10700
에스와이,1.61,13.92,0.883,하락,5800,5120
에스원,8.34,11.12,0.977,하락,100500,98200
에스제이엠,2.62,7.82,1.163,상승,3030,3525
에스제이엠홀딩스,2.11,17.4,0.966,하락,3425,3310
에스제이케이,n/a,n/a,0.567,하락,3300,1870
에스제이켐,n/a,n/a,0.513,하락,489,251
에스케이씨에스,n/a,18.4,0.891,하락,1290,1150
에스코넥,15.47,3.99,1.14,상승,1645,1875
에스텍,15.15,4.19,1.333,상승,9900,13200
에스텍파마,7.68,23.0,1.012,상승,8340,8440
에스트래픽,n/a,n/a,0.865,하락,10500,9080
에스티아이,16.44,5.81,1.793,상승,9200,16500
에스티오,n/a,12.01,1.396,상승,2680,3740
에스티큐브,n/a,n/a,0.793,하락,22750,18050
에스티팜,n/a,n/a,0.897,하락,19950,17900
에스폴리텍,3.33,8.16,2.481,상승,1830,4540
에스퓨얼셀,8.22,86.16,0.676,하락,31450,21250
에스피지,6.93,11.59,1.282,상승,6630,8500
에쎈테크,6.86,17.45,1.331,상승,954,1270
에쓰씨엔지니어링,41.43,7.08,1.08,상승,1500,1620
에어부산,14.79,10.67,1.109,상승,6320,7010
에이디칩스,n/a,n/a,1.382,상승,1480,2045
에이디테크놀로지,19.36,7.25,1.455,상승,9900,14400
에이리츠,14.58,72.57,1.213,상승,4955,6010
에이블씨엔씨,n/a,n/a,1.063,상승,11150,11850
에이비엘바이오,n/a,n/a,1.678,상승,21150,35500
에이비온,n/a,n/a,1.443,상승,4700,6780
에이스침대,6.96,5.69,1.325,상승,23400,31000
에이스테크,4.4,11.14,2.087,상승,5270,11000
에이씨티,n/a,n/a,1.01,상승,4435,4480
에이아이비트,n/a,25.52,0.795,하락,1195,950
에이앤티앤,n/a,n/a,1.0,보합,3220,3220
에이엔피,n/a,1241.34,1.209,상승,388,469
에이원알폼,4.54,4.8,2.32,상승,12200,28300
에이치시티,8.26,4.72,1.672,상승,6398,10700
에이치엔에스하이텍,n/a,n/a,1.24,상승,2350,2915
에이치엔티,0.47,3.29,4.45,상승,3090,13750
에이치엘비,20.12,n/a,0.901,하락,81000,73000
에이치엘비생명과학,n/a,n/a,0.913,하락,17300,15800
에이치엘비파워,n/a,n/a,1.294,상승,788,1020
에이치엘사이언스,18.71,17.23,2.487,상승,43100,107200
에이치케이,3.03,21.25,1.328,상승,1370,1820
에이테크솔루션,0.86,10.88,1.383,상승,7810,10800
에이텍,8.99,12.83,1.275,상승,7500,9560
에이텍티앤,7.21,7.2,1.245,상승,7500,9340
에이티넘인베스트,9.6,n/a,1.049,상승,2060,2160
에이티세미콘,10.82,3.68,1.134,상승,560,635
에이티젠,n/a,n/a,1.054,상승,13000,13700
에이펙스인텍,11.13,13.55,2.3,상승,5500,12650
에이프로젠 H&G,5.26,428.16,0.966,하락,745,720
에이프로젠 KIC,n/a,121.42,0.419,하락,7750,3250
에이프로젠제약,n/a,401.69,0.602,하락,2400,1445
에이피티씨,45.18,6.18,1.084,상승,5700,6180
에치에프알,n/a,19.72,2.044,상승,11350,23200
에코마이스터,n/a,n/a,0.512,하락,11150,5710
에코마케팅,19.46,10.45,3.487,상승,11500,40100
에코바이오,n/a,36.05,0.941,하락,6990,6580
에코캡,3.59,8.33,1.028,상승,3715,3820
에코프로,24.03,11.25,0.802,하락,33600,26950
에코프로비엠,26.73,2.48, n/a, n/a, n/a, n/a
에코플라스틱,n/a,5.58,1.238,상승,1300,1610
에프알텍,n/a,n/a,1.756,상승,3075,5400
에프앤가이드,7.03,18.55,1.298,상승,3000,3895
에프앤리퍼블릭,6.87,12.03,0.777,하락,1705,1325
에프에스티,19.36,3.26,2.29,상승,3795,8690
에프엔씨엔터,n/a,n/a,1.011,상승,8000,8090
에프엔에스테크,7.96,7.79,1.423,상승,4140,5890
엑사이엔씨,n/a,6.98,1.291,상승,1185,1530
엑세스바이오,n/a,n/a,0.881,하락,4375,3855
엑셈,11.6,17.47,1.184,상승,2805,3320
엑시콘,4.71,7.71,1.01,상승,5830,5890
엔브이에이치코리아,n/a,11.47,1.403,상승,2145,3010
엔솔바이오사이언스,n/a,n/a,1.109,상승,11450,12700
엔시트론,n/a,n/a,0.902,하락,674,608
엔씨소프트,16.44,15.94,1.011,상승,464500,469500
엔에스,12.64,13.49,1.282,상승,10100,12950
엔에스쇼핑,8.06,8.02,1.012,상승,12700,12850
엔에스엔,n/a,n/a,1.962,상승,1580,3100
엔에스컴퍼니,7.95,71.8,1.664,상승,55000,91500
엔에이치스팩10호,1.33,n/a,1.133,상승,2278,2580
엔에이치스팩11호,1.19,n/a,1.061,상승,2045,2170
엔에이치스팩12호,1.02,n/a,1.064,상승,2025,2155
엔에이치스팩13호,n/a,n/a,1.07,상승,2010,2150
엔에이치스팩14호,n/a,n/a, n/a, n/a, n/a, n/a
엔에이치엔,5.79,12.03,1.387,상승,57300,79500
엔지스테크널러지,n/a,n/a,1.266,상승,5310,6720
엔지켐생명과학,n/a,n/a,0.742,하락,101000,74900
엔케이,n/a,n/a,0.795,하락,1760,1400
엔케이맥스,n/a,n/a,1.038,상승,8000,8300
엔케이물산,n/a,n/a,1.964,상승,639,1255
엔터메이트,n/a,n/a,0.78,하락,1030,803
엔텔스,5.89,34.0,1.639,상승,10400,17050
엔피씨,4.63,3.61,1.008,상승,3760,3790
엔피케이,n/a,7.74,1.153,상승,1900,2190
엘디티,3.86,28.63,1.136,상승,2640,3000
엘리비젼,n/a,n/a,3.14,상승,1000,3140
엘브이엠씨,n/a,n/a,1.062,상승,2340,2485
엘비세미콘,14.09,5.35,2.482,상승,4150,10300
엘아이에스,0.42,17.13,0.996,하락,12200,12150
엘앤씨바이오,15.03,23.91,1.153,상승,20000,23050
엘앤에프,14.83,27.58,0.714,하락,36900,26350
엘앤케이바이오,n/a,n/a,0.979,하락,7160,7010
엘에이티,25.4,19.63,1.193,상승,8800,10500
엘엠에스,5.74,2.8,1.881,상승,6460,12150
엘오티베큠,14.45,3.8,1.265,상승,6790,8590
엘컴텍,4.31,38.0,0.944,하락,1860,1755
엘티씨,0.96,9.2,1.115,상승,9640,10750
엠게임,8.15,10.18,1.071,상승,3175,3400
엠로,n/a,15.56,1.158,상승,1900,2200
엠벤처투자,8.48,n/a,1.0,보합,1160,1160
엠씨넥스,26.19,2.63,1.962,상승,13200,25900
엠아이텍,1.23,16.08,1.519,상승,3350,5090
엠앤씨생명과학,n/a,n/a,0.96,하락,1020,979
엠에스씨,14.13,8.67,0.882,하락,7700,6790
엠에스오토텍,4.1,5.09,1.875,상승,2120,3975
엠에프엠코리아,2.74,23.97,1.161,상승,2800,3250
엠젠플러스,n/a,n/a,1.34,상승,6200,8310
엠케이전자,8.47,5.32,1.015,상승,8410,8540
엠코르셋,7.9,8.18,0.986,하락,7230,7130
엠플러스,4.36,34.36,1.104,상승,17300,19100
연우,3.89,14.34,1.201,상승,23150,27800
연이정보통신,3.6,5.51,1.408,상승,3325,4680
영보화학,4.07,5.33,1.074,상승,3730,4005
영신금속,10.42,9.53,1.051,상승,1660,1745
영우디에스피,n/a,n/a,1.459,상승,826,1205
영원무역,8.15,6.85,1.071,상승,38100,40800
영원무역홀딩스,8.49,5.77,0.987,하락,63700,62900
영인프런티어,9.24,57.47,2.306,상승,6070,14000
영진약품,n/a,246.22,0.928,하락,6010,5580
영풍,3.69,28.33,0.993,하락,739000,734000
영풍정밀,3.8,10.44,1.209,상승,7880,9530
영풍제지,13.72,3.47,1.062,상승,3405,3615
영화금속,1.48,19.87,1.071,상승,1345,1440
영화테크,8.27,12.0,0.881,하락,11350,10000
영흥철강,n/a,21.99,1.306,상승,1095,1430
예림당,9.15,4.82,0.911,하락,5450,4965
예스24,n/a,32.55,1.359,상승,4805,6530
예스코홀딩스,1.15,7.78,1.044,상승,39900,41650
예스티,n/a,38.86,1.959,상승,7530,14750
옐로페이,n/a,n/a,0.995,하락,190,189
오가닉티코스메틱,19.43,2.33,0.906,하락,2670,2420
오공,9.59,5.53,1.052,상승,3175,3340
오디텍,2.98,17.39,1.077,상승,5870,6320
오뚜기,13.87,12.64,0.987,하락,717000,708000
오렌지라이프,8.37,n/a,1.227,상승,28150,34550
오로라,5.96,10.95,1.479,상승,8690,12850
오르비텍,5.38,16.87,0.975,하락,4660,4545
오리엔탈정공,n/a,n/a,1.093,상승,739,808
오리엔트바이오,n/a,315.19,0.96,하락,575,552
오리엔트정공,n/a,n/a,1.088,상승,465,506
오리온,10.31,12.47,0.726,하락,118000,85700
오리온홀딩스,3.03,5.53,0.956,하락,17000,16250
오리콤,11.83,4.8,1.033,상승,5150,5320
오상자이엘,n/a,98.83,1.19,상승,6900,8210
오성첨단소재,5.27,30.56,0.859,하락,2165,1860
오션브릿지,29.43,3.86,1.43,상승,7690,11000
오스코텍,10.28,95.79,1.122,상승,22200,24900
오스테오닉,n/a,31.72,1.011,상승,4240,4285
오스템,n/a,15.04,0.794,하락,3810,3025
오스템임플란트,11.45,19.34,1.373,상승,53900,74000
오이솔루션,3.83,26.66,3.262,상승,17350,56600
오킨스전자,0.5,4.62,1.324,상승,2595,3435
오텍,11.25,5.91,1.252,상승,10700,13400
오파스넷,9.77,15.97,1.153,상승,13100,15100
오픈베이스,n/a,37.41,1.584,상승,2175,3445
올릭스,n/a,n/a,0.858,하락,68400,58700
옴니시스템,4.31,14.25,1.303,상승,1800,2345
옴니텔,11.41,n/a,0.764,하락,1740,1330
옵토팩,n/a,n/a,1.602,상승,3945,6320
옵트론텍,3.67,7.01,1.898,상승,4400,8350
옵티시스,8.1,9.72,1.104,상승,7200,7950
옵티팜,n/a,20000.31,1.188,상승,9260,11000
와이디온라인,n/a,n/a,0.961,하락,838,805
와이비엠넷,0.87,15.5,1.317,상승,3200,4215
와이솔,18.89,3.86,1.224,상승,15850,19400
와이아이케이,30.71,4.48,1.043,상승,2685,2800
와이엔텍,8.06,6.65,1.738,상승,4500,7820
와이엠씨,19.93,4.97,1.009,상승,6420,6480
와이엠티,12.01,7.6,1.25,상승,16000,20000
와이오엠,n/a,183.03,0.856,하락,8180,7000
와이제이엠게임즈,n/a,n/a,1.079,상승,2080,2245
와이지-원,6.8,8.35,1.037,상승,9370,9720
와이지엔터테인먼트,5.07,49.99,0.708,하락,47050,33300
와토스코리아,3.98,13.1,0.97,하락,5700,5530
용평리조트,2.48,9.39,1.169,상승,6170,7210
우노앤컴퍼니,n/a,26.43,0.913,하락,4265,3895
우리금융지주,n/a,n/a, n/a, n/a, n/a, n/a
우리기술,n/a,n/a,1.048,상승,1140,1195
우리기술투자,15.78,n/a,1.508,상승,2620,3950
우리넷,3.58,22.26,1.603,상승,6200,9940
우리들제약,8.3,13.8,0.956,하락,7430,7100
우리들휴브레인,n/a,n/a,1.041,상승,2190,2280
우리로,n/a,13.15,1.473,상승,2115,3115
우리바이오,n/a,8.8,1.458,상승,830,1210
우리산업,11.78,12.95,0.705,하락,37400,26350
우리산업홀딩스,1.41,8.02,0.766,하락,6270,4800
우리손에프앤지,15.93,5.29,1.624,상승,1595,2590
우리이앤엘,3.66,5.55,1.199,상승,698,837
우리조명,n/a,10.88,1.107,상승,1025,1135
우리종금,11.12,n/a,1.045,상승,756,790
우림기계,4.88,6.61,0.971,하락,3750,3640
우성사료,n/a,143.24,1.585,상승,2460,3900
우수AMS,2.47,9.26,1.245,상승,3735,4650
우신시스템,n/a,25.2,0.864,하락,6760,5840
우원개발,n/a,24.99,0.994,하락,4100,4075
우정바이오,n/a,n/a,1.37,상승,2095,2870
우주일렉트로,0.37,5.3,1.212,상승,8000,9700
우진,n/a,79.57,1.312,상승,4800,6300
우진비앤지,n/a,n/a,1.912,상승,1859,3555
우진아이엔에스,15.52,4.08,1.02,상승,10000,10200
우진플라임,n/a,n/a,0.934,하락,5300,4950
웅진,n/a,n/a,1.012,상승,2120,2145
웅진씽크빅,7.2,4.38,1.055,상승,2710,2860
웅진에너지,n/a,n/a,0.601,하락,1520,914
웅진코웨이,33.84,7.78,1.086,상승,74500,80900
원림,n/a,18.75,0.978,하락,18550,18150
원익,n/a,25.61,0.982,하락,4230,4155
원익IPS,25.45,6.67,1.217,상승,20050,24400
원익QnC,21.25,6.64,1.189,상승,10050,11950
원익머트리얼즈,16.27,4.46,1.021,상승,21750,22200
원익큐브,n/a,155.2,0.942,하락,2485,2340
원익홀딩스,10.83,5.93,1.15,상승,3530,4060
원일특강,6.34,9.52,1.006,상승,9060,9110
원텍,0.1,n/a,1.043,상승,23500,24500
원풍,2.73,10.14,1.118,상승,3430,3835
원풍물산,n/a,435.95,1.158,상승,3100,3590
월덱스,28.23,4.03,1.587,상승,4920,7810
웨이브일렉트로,n/a,n/a,1.051,상승,21700,22800
웰바이오텍,n/a,n/a,0.555,하락,5250,2915
웰크론,10.1,12.66,1.253,상승,2900,3635
웰크론강원,4.19,51.17,1.066,상승,2720,2900
웰크론한텍,n/a,15.81,1.299,상승,1840,2390
웹스,n/a,11.72,1.129,상승,2050,2315
웹젠,17.28,9.9,0.739,하락,22250,16450
웹케시,28.29,23.13, n/a, n/a, n/a, n/a
위닉스,17.46,10.14,1.592,상승,14700,23400
위메이드,n/a,n/a,1.016,상승,33350,33900
위세아이텍,19.45,10.35,1.429,상승,5600,8000
위월드,10.57,6.37,0.926,하락,2700,2500
위즈코프,0.62,17.92,1.149,상승,1140,1310
위지윅스튜디오,18.75,14.22,2.156,상승,9810,21150
위지트,10.05,15.17,0.982,하락,1090,1070
윈스,12.04,9.63,1.509,상승,11100,16750
윈팩,4.19,6.99,1.079,상승,1270,1370
윈하이텍,11.74,7.94,1.126,상승,4155,4680
윌비스,n/a,10.69,0.929,하락,1330,1235
윙입푸드,31.07,1.89,1.513,상승,1395,2110
유나이티드,14.73,8.25,1.039,상승,23100,24000
유니드,5.52,4.93,1.213,상승,41700,50600
유니셈,22.72,3.51,1.538,상승,3270,5030
유니슨,n/a,44.66,0.83,하락,1590,1320
유니온,n/a,14.46,1.547,상승,3840,5940
유니온머티리얼,n/a,15.17,1.602,상승,1810,2900
유니온커뮤니티,11.14,8.81,1.199,상승,2640,3165
유니켐,23.1,9.2,1.676,상승,1495,2505
유니퀘스트,6.55,49.88,1.139,상승,6490,7390
유니크,2.57,13.78,1.16,상승,6680,7750
유니테스트,44.95,2.97,1.255,상승,10600,13300
유니테크노,9.47,20.18,0.908,하락,14150,12850
유니트론텍,17.74,12.05,1.644,상승,4415,7260
유니포인트,16.85,5.86,0.111,하락,17950,1995
유라테크,4.23,6.54,1.003,상승,5990,6010
유바이오로직스,17.3,22.96,1.262,상승,6030,7610
유비벨록스,2.39,35.44,1.442,상승,4985,7190
유비온,140.04,6.03,1.028,상승,1450,1490
유비케어,7.78,21.95,1.463,상승,4415,6460
유비쿼스,20.13,10.6,1.22,상승,38350,46800
유비쿼스홀딩스,5.12,9.98,6.209,상승,8150,50600
유성기업,1.4,5.68,1.104,상승,2890,3190
유성티엔에스,7.08,9.87,1.249,상승,2550,3185
유수홀딩스,4.37,6.67,1.249,상승,6500,8120
유신,n/a,n/a,1.27,상승,18150,23050
유쎌,n/a,n/a,0.428,하락,14400,6160
유아이디,n/a,n/a,1.094,상승,1595,1745
유아이엘,5.49,4.42,1.172,상승,4480,5250
유안타제3호스팩,n/a,n/a,1.062,상승,2010,2135
유안타제4호스팩,n/a,n/a, n/a, n/a, n/a, n/a
유안타증권,9.15,n/a,0.995,하락,3140,3125
유앤아이,n/a,n/a,0.851,하락,9750,8300
유양디앤유,n/a,n/a,1.025,상승,7600,7790
유에스티,2.87,25.96,0.845,하락,5350,4520
유엔젤,4.35,16.14,1.064,상승,4520,4810
유유제약,4.79,10.55,1.148,상승,10500,12050
유지인트,n/a,209.8,0.72,하락,788,567
유진기업,3.15,7.12,0.953,하락,6330,6030
유진로봇,n/a,514.63,1.062,상승,3535,3755
유진증권,6.37,n/a,1.096,상승,2405,2635
유진테크,8.27,5.01,1.112,상승,10750,11950
유테크,n/a,n/a,0.566,하락,3040,1720
유투바이오,n/a,n/a,0.751,하락,17500,13150
유티아이,11.24,6.34,3.389,상승,5680,19250
유틸렉스,n/a,n/a,1.048,상승,89200,93500
유한양행,3.55,24.43,1.206,상승,206000,248500
유화증권,1.31,n/a,0.958,하락,13250,12700
육일씨엔에쓰,0.64,7.52,0.967,하락,3375,3265
율촌화학,4.38,11.56,1.081,상승,12900,13950
이건산업,3.73,6.37,0.932,하락,10450,9740
이건홀딩스,12.51,18.66,1.088,상승,2895,3150
이구산업,n/a,37.18,1.169,상승,1920,2245
이그잭스,n/a,19.25,1.111,상승,1620,1800
이글루시큐리티,19.4,13.04,0.997,하락,4545,4530
이글벳,3.14,18.19,2.079,상승,3790,7880
이노메트리,19.21,17.94,1.297,상승,26750,34700
이노벡스,n/a,n/a, n/a, n/a, n/a, n/a
이노션,10.98,10.21,1.105,상승,62600,69200
이노와이어리스,0.33,60.8,1.172,상승,25600,30000
이노인스트루먼트,n/a,n/a,1.19,상승,5150,6130
이노테라피,n/a,n/a, n/a, n/a, n/a, n/a
이녹스,n/a,16.59,0.853,하락,8140,6940
이녹스첨단소재,22.4,7.74,1.347,상승,38150,51400
이니텍,n/a,6.48,1.005,상승,5550,5580
이더블유케이,12.07,10.6,0.953,하락,4040,3850
이라이콤,3.97,4.89,1.097,상승,5370,5890
이랜텍,n/a,9.5,1.942,상승,3435,6670
이루온,3.5,16.81,1.263,상승,1405,1775
이리츠코크렙,1.75,24.7,1.184,상승,4880,5780
이마트,5.49,9.18,0.819,하락,182000,149000
이매진아시아,n/a,n/a,1.057,상승,2100,2220
이미지스,n/a,n/a,1.039,상승,3435,3570
이베스트투자증권,8.58,n/a,0.61,하락,8790,5360
이비테크,9.64,14.99,0.955,하락,4000,3820
이상네트웍스,8.45,12.52,1.095,상승,7380,8080
이수앱지스,n/a,n/a,1.154,상승,6290,7260
이수페타시스,n/a,14.03,0.758,하락,6580,4990
이수화학,2.31,25.65,0.979,하락,9860,9650
이스타코,n/a,n/a,1.091,상승,629,686
이스트소프트,6.96,15.35,1.375,상승,6270,8620
이스트아시아홀딩스,1.16,3.89,0.97,하락,237,230
이씨에스,6.97,9.28,1.073,상승,4100,4400
이아이디,n/a,n/a,1.727,상승,194,335
이에스브이,n/a,n/a,0.34,하락,874,297
이에스산업,0.07,94.18,0.967,하락,2690,2600
이에스에이,n/a,n/a,1.447,상승,1610,2330
이엑스티,8.11,18.82,1.45,상승,2965,4300
이엔드디,n/a,8.66,1.452,상승,500,726
이엔에프테크놀로지,14.05,4.13,1.835,상승,12400,22750
이엘케이,n/a,n/a,0.787,하락,1000,787
이엘피,24.7,3.98,1.067,상승,12750,13600
이엠넷,8.88,8.29,1.545,상승,2175,3360
이엠코리아,n/a,50.4,1.113,상승,6450,7180
이엠텍,14.27,7.37,0.838,하락,17300,14500
이엠티,n/a,n/a,1.25,상승,2400,3000
이연제약,0.61,54.31,1.243,상승,14000,17400
이오테크닉스,5.98,19.58,1.342,상승,48300,64800
이원컴포텍,n/a,13.23,1.35,상승,1170,1580
이월드,6.29,31.09,1.352,상승,2515,3400
이즈미디어,9.64,8.08,1.487,상승,5400,8030
이지바이오,9.63,9.02,1.056,상승,6110,6450
이지웰페어,7.43,8.96,1.12,상승,7660,8580
이지케어텍,13.11,0.02, n/a, n/a, n/a, n/a
이크레더블,27.8,11.75,1.16,상승,15600,18100
이테크건설,13.14,6.83,1.355,상승,80100,108500
이트론,n/a,n/a,0.968,하락,185,179
이퓨쳐,2.0,12.84,1.901,상승,3735,7100
이화공영,1.11,526.03,0.803,하락,6940,5570
이화산업,n/a,118.5,0.884,하락,19450,17200
이화전기,n/a,n/a,0.866,하락,277,240
인디에프,0.34,27.18,0.989,하락,2690,2660
인바디,17.04,11.56,1.26,상승,21900,27600
인베니아,12.86,10.71,1.129,상승,2905,3280
인산가,n/a,7.57,1.186,상승,1615,1915
인선이엔티,8.83,9.88,1.362,상승,6380,8690
인성정보,n/a,21.88,1.002,상승,2995,3000
인스코비,n/a,60.3,0.651,하락,5040,3280
인지디스플레,6.61,2.42,1.215,상승,1655,2010
인지컨트롤스,1.56,7.92,0.951,하락,6970,6630
인천도시가스,9.19,4.23,0.998,하락,29500,29450
인카금융서비스,9.44,5.04,1.221,상승,6060,7400
인콘,n/a,n/a,1.017,상승,2950,3000
인크로스,13.82,10.94,1.592,상승,15950,25400
인탑스,5.76,4.18,1.685,상승,11600,19550
인터로조,13.05,12.72,1.094,상승,25000,27350
인터불스,n/a,n/a,0.802,하락,2800,2245
인터엠,n/a,8.55,0.956,하락,3300,3155
인터지스,n/a,15.52,1.117,상승,2310,2580
인터코스,n/a,n/a,0.9,하락,3000,2700
인터파크,n/a,10.95,1.089,상승,5160,5620
인터파크홀딩스,n/a,8.45,0.996,하락,2370,2360
인터플렉스,n/a,n/a,1.073,상승,11000,11800
인텍플러스,n/a,n/a,1.468,상승,4400,6460
인텔리안테크,13.32,6.78,2.285,상승,13350,30500
인트로메딕,n/a,n/a,1.508,상승,3700,5580
인트론바이오,25.13,106.16,0.78,하락,21727,16950
인팩,1.63,6.4,1.287,상승,3115,4010
인포마크,0.58,15.65,0.993,하락,10000,9930
인포바인,12.72,6.4,0.987,하락,22900,22600
인포뱅크,5.79,18.8,1.08,상승,7330,7920
인프라웨어,n/a,n/a,0.839,하락,1400,1175
인프라웨어테크놀러지,n/a,n/a,0.659,하락,580,382
인피니트헬스케어,6.66,28.48,1.078,상승,5900,6360
인화정공,n/a,27.18,0.828,하락,6280,5200
일동제약,4.53,9.94,0.964,하락,20700,19950
일동홀딩스,n/a,59.36,1.015,상승,13200,13400
일성건설,2.79,7.26,0.945,하락,1455,1375
일성신약,0.91,48.24,0.932,하락,94600,88200
일신바이오,8.91,21.78,1.072,상승,1810,1940
일신방직,3.06,6.98,1.009,상승,95300,96200
일신석재,0.81,85.85,1.128,상승,2380,2685
일야,n/a,n/a,1.01,상승,1515,1530
일양약품,n/a,23.33,0.955,하락,27700,26450
일정실업,n/a,n/a,1.047,상승,19100,20000
일지테크,n/a,2.84,1.151,상승,2350,2705
일진다이아,7.71,15.11,1.045,상승,29000,30300
일진디스플,2.03,9.66,1.476,상승,3225,4760
일진머티리얼즈,7.8,25.74,0.877,하락,41300,36200
일진전기,n/a,16.55,1.094,상승,3020,3305
일진파워,18.93,4.16,1.14,상승,5770,6580
일진홀딩스,n/a,12.29,1.155,상승,3040,3510
잇츠한불,1.89,22.94,0.908,하락,27200,24700
잉글우드랩,n/a,54.03,0.854,하락,6290,5370
잉크테크,n/a,39.75,1.44,상승,2725,3925
자비스,n/a,119.44,2.355,상승,4080,9610
자연과환경,3.01,52.4,0.816,하락,1770,1445
자이글,n/a,n/a,0.907,하락,8800,7980
자화전자,n/a,5.68,1.096,상승,11950,13100
장원테크,14.99,4.71,1.151,상승,2980,3430
재영솔루텍,9.56,16.44,1.167,상승,1105,1290
전방,n/a,72.57,0.997,하락,17300,17250
전우정밀,n/a,11.35,1.0,보합,4385,4385
전진바이오팜,n/a,n/a,1.563,상승,9660,15100
전파기지국,1.38,7.18,1.896,상승,2600,4930
정다운,20.8,4.7,0.994,하락,3205,3185
정산애강,11.08,9.46,1.096,상승,2180,2390
정상제이엘에스,5.65,7.42,1.101,상승,7000,7710
정원엔시스,11.51,20.4,1.012,상승,1700,1720
제낙스,n/a,n/a,1.4,상승,12750,17850
제너셈,n/a,n/a,1.649,상승,1710,2820
제넥신,n/a,n/a,0.922,하락,73200,67500
제넨바이오,n/a,87.91,2.04,상승,1490,3040
제노레이,27.35,6.21,1.1,상승,19500,21450
제노텍,n/a,63.99,0.568,하락,3700,2100
제노포커스,n/a,296.9,1.106,상승,7100,7850
제놀루션,4.67,44.44,0.942,하락,5510,5190
제닉,n/a,n/a,1.255,상승,6520,8180
제로투세븐,n/a,n/a,1.759,상승,6850,12050
제룡산업,5.96,24.54,0.702,하락,9610,6750
제룡전기,5.83,25.35,0.773,하락,8930,6900
제미니투자,n/a,n/a,1.277,상승,635,811
제우스,15.7,3.05,1.14,상승,11400,13000
제이브이엠,6.68,10.59,1.298,상승,33600,43600
제이스테판,n/a,n/a,1.681,상승,1600,2690
제이스텍,6.22,8.97,2.153,상승,5410,11650
제이씨케미칼,6.16,10.37,0.938,하락,3965,3720
제이씨현시스템,11.55,6.45,1.1,상승,4880,5370
제이에스코퍼레이션,3.76,17.95,1.674,상승,11050,18500
제이에스티나,0.34,26.22,0.98,하락,5920,5800
제이엔케이히터,n/a,20.84,1.018,상승,5550,5650
제이엠아이,n/a,n/a,0.9,하락,1075,967
제이엠티,21.73,2.74,0.981,하락,2845,2790
제이웨이,n/a,60.26,0.974,하락,1340,1305
제이준코스메틱,n/a,36.25,0.585,하락,11050,6460
제이콘텐트리,7.45,9.46,1.126,상승,4530,5100
제이티,13.11,8.67,1.696,상승,2550,4325
제일기획,15.01,11.89,1.233,상승,22500,27750
제일바이오,3.46,32.15,1.277,상승,3760,4800
제일약품,1.04,51.39,0.773,하락,47450,36700
제일연마,7.19,7.24,1.063,상승,6210,6600
제일제강,0.6,14.95,1.423,상승,1370,1950
제일테크노스,7.34,4.99,1.137,상승,3830,4355
제일파마홀딩스,2.04,46.13,0.84,하락,26000,21850
제주반도체,16.81,12.12,1.062,상승,3570,3790
제주은행,6.25,n/a,1.025,상승,4685,4800
제주항공,19.86,6.43,1.06,상승,33600,35600
젠큐릭스,n/a,n/a,0.807,하락,21000,16950
젬백스,n/a,358.42,1.392,상승,12250,17050
조광ILI,9.05,7.6,1.178,상승,5010,5900
조광페인트,n/a,48.48,1.015,상승,6500,6600
조광피혁,5.9,12.33,1.096,상승,34800,38150
조비,0.69,46.76,1.117,상승,24000,26800
조선내화,9.22,7.03,1.167,상승,83000,96900
조선선재,11.75,6.95,1.064,상승,78700,83700
조아제약,1.19,35.74,1.017,상승,4415,4490
조이맥스,n/a,n/a,0.972,하락,5800,5640
조이시티,n/a,n/a,0.659,하락,10200,6720
조일알미늄,n/a,96.2,1.043,상승,891,929
조흥,6.54,7.37,0.964,하락,181000,174500
종근당,10.21,11.54,0.91,하락,102000,92800
종근당바이오,5.49,6.8,1.412,상승,20750,29300
종근당홀딩스,6.55,7.17,1.939,상승,62400,121000
좋은사람들,4.58,27.41,0.856,하락,5100,4365
주노콜렉션,n/a,70.95,1.002,상승,4895,4905
주성엔지니어링,22.21,6.94,1.042,상승,6500,6770
주연테크,n/a,320.54,1.145,상승,433,496
줌인터넷,32.65,12.37,1.929,상승,3920,7560
중앙리빙테크,n/a,n/a,1.608,상승,1135,1825
중앙백신,4.62,21.83,1.226,상승,16800,20600
중앙에너비스,1.97,21.16,1.049,상승,6700,7030
중앙오션,n/a,364.07,0.849,하락,3370,2860
지노믹트리,n/a,n/a,0.98,하락,27550,27000
지놈앤컴퍼니,n/a,n/a,3.191,상승,14100,45000
지니뮤직,5.02,31.18,0.83,하락,4900,4065
지니언스,8.27,17.9,1.025,상승,5260,5390
지란지교시큐리티,5.04,12.21,1.189,상승,1295,1540
지스마트글로벌,n/a,n/a,0.419,하락,1905,799
지앤이헬스케어,16.09,24.22,0.773,하락,2930,2265
지어소프트,12.42,16.76,2.276,상승,3225,7340
지에스이,8.99,4.78,1.033,상승,1515,1565
지엔씨에너지,9.68,9.69,0.98,하락,4505,4415
지엔코,n/a,n/a,0.832,하락,1665,1385
지엘팜텍,n/a,n/a,0.677,하락,3640,2465
지엠비코리아,0.06,9.3,0.912,하락,8640,7880
지엠피,17.62,16.68,1.253,상승,8300,10400
지역난방공사,n/a,13.79,0.966,하락,56600,54700
지오씨,7.59,16.33,1.076,상승,3300,3550
지와이커머스,n/a,n/a,1.0,보합,2250,2250
지코,12.21,10.74,1.278,상승,679,868
지투알,11.25,4.34,1.074,상승,7660,8230
지투하이소닉,n/a,n/a,1.0,보합,798,798
지트리비앤티,8.54,n/a,1.096,상승,28700,31450
지티지웰니스,n/a,n/a,2.544,상승,6290,16000
진도,5.4,11.93,0.836,하락,4875,4075
진로발효,14.75,11.97,0.993,하락,30100,29900
진매트릭스,n/a,n/a,0.781,하락,4460,3485
진바이오텍,6.07,4.16,1.568,상승,4125,6470
진성티이씨,19.4,6.14,1.138,상승,7590,8640
진양산업,6.93,15.47,0.698,하락,5240,3655
진양제약,2.21,14.89,1.046,상승,3785,3960
진양폴리우레탄,5.15,10.91,1.06,상승,2260,2395
진양홀딩스,0.36,12.67,0.953,하락,2685,2560
진양화학,n/a,184.66,0.757,하락,6260,4740
진에어,17.86,7.0,1.152,상승,19350,22300
진원생명과학,n/a,n/a,1.122,상승,4330,4860
진흥기업,7.83,8.67,1.377,상승,2055,2830
질경이,n/a,n/a,0.367,하락,9300,3410
차바이오텍,8.75,37.84,0.851,하락,20200,17200
차이나그레이트,6.73,0.75,1.584,상승,327,518
참엔지니어링,17.39,5.81,0.842,하락,1615,1360
참좋은여행,13.06,7.78,0.967,하락,7890,7630
창해에탄올,3.46,11.91,1.077,상승,13600,14650
천보,24.53,0.0, n/a, n/a, n/a, n/a
천일고속,n/a,n/a,0.926,하락,79900,74000
청광종건,10.41,3.14,0.584,하락,1275,745
청담러닝,11.47,7.5,1.14,상승,18600,21200
청보산업,0.6,11.87,1.163,상승,2295,2670
청호컴넷,6.16,n/a,1.485,상승,2775,4120
체리부로,n/a,15.72,1.249,상승,2365,2955
체시스,n/a,10.48,3.005,상승,882,2650
초록뱀,n/a,66.66,0.829,하락,1780,1475
칩스앤미디어,9.6,18.28,1.802,상승,6520,11750
카스,6.59,7.44,1.369,상승,1275,1745
카이노스메드,n/a,n/a,1.106,상승,14600,16150
카카오,1.04,43.65,1.203,상승,103500,124500
카페24,n/a,47.82,0.595,하락,111000,66000
카프로,3.77,5.23,0.947,하락,4435,4200
캐스텍코리아,0.92,10.22,1.021,상승,3350,3420
캔서롭,n/a,n/a,1.238,상승,6250,7740
캠시스,14.75,4.83,1.523,상승,1730,2635
컨버즈,n/a,n/a,0.675,하락,4830,3260
컬러레이,21.94,3.1,1.085,상승,1700,1845
컴투스,16.15,11.12,0.775,하락,129000,100000
컴퍼니케이,25.53,n/a, n/a, n/a, n/a, n/a
케미메디,n/a,n/a,0.959,하락,2585,2480
케어랩스,8.54,20.5,0.883,하락,19150,16900
케어젠,12.76,19.78,1.079,상승,70900,76500
케이디켐,9.83,6.35,1.033,상승,12300,12700
케이맥,14.37,8.69,1.429,상승,9310,13300
케이비17호스팩,n/a,n/a, n/a, n/a, n/a, n/a
케이비아이동국실업,n/a,6.63,1.112,상승,836,930
케이비제10호스팩,0.62,n/a,0.902,하락,3104,2800
케이비제11호스팩,0.33,n/a,1.087,상승,2060,2240
케이사인,n/a,17.59,1.608,상승,1020,1640
케이씨,67.41,2.61,1.246,상승,11800,14700
케이씨씨,n/a,8.11,0.878,하락,307000,269500
케이씨에스,14.21,15.53,1.2,상승,4385,5260
케이씨텍,23.54,2.43,1.515,상승,9570,14500
케이씨티,3.11,15.57,1.358,상승,1985,2695
케이씨티시,3.88,7.24,1.194,상승,2880,3440
케이씨피드,1.7,25.05,1.236,상승,2245,2775
케이아이엔엑스,19.55,7.69,1.819,상승,23700,43100
케이에스피,n/a,n/a,0.386,하락,4290,1655
케이엔더블유,1.56,6.82,1.118,상승,4010,4485
케이엘넷,5.55,11.19,1.172,상승,2590,3035
케이엠,6.07,8.48,1.193,상승,6750,8050
케이엠더블유,n/a,n/a,3.576,상승,11200,40050
케이엠제약,14.19,5.41,1.089,상승,2970,3235
케이탑리츠,5.33,21.33,0.778,하락,1160,903
케이티,5.5,2.65,0.943,하락,29700,28000
케이티스카이라이프,8.33,3.36,0.956,하락,11450,10950
케이티앤지,11.38,9.95,1.0,보합,100500,100500
케이프,1.73,13.68,1.165,상승,1850,2155
케이피에스,24.03,3.97,1.654,상승,7860,13000
케이피에프,6.51,6.7,1.21,상승,4175,5050
케이피엠테크,33.13,n/a,0.986,하락,1055,1040
케이피티유,6.92,17.19,1.069,상승,4575,4890
켐온,2.51,44.38,0.957,하락,1620,1550
켐트로닉스,1.4,7.94,1.782,상승,6200,11050
켐트로스,16.68,11.55,1.07,상승,2585,2765
코나아이,n/a,n/a,1.708,상승,10450,17850
코너스톤네트웍스,n/a,n/a,4.15,상승,441,1830
코닉글로리,n/a,84.7,1.226,상승,451,553
코다코,n/a,30.91,0.998,하락,2200,2195
코데즈컴바인,11.06,19.59,1.065,상승,2865,3050
코드네이처,n/a,n/a,1.164,상승,1280,1490
코디,n/a,n/a,1.0,보합,3590,3590
코디엠,n/a,n/a,0.951,하락,751,714
코렌,21.65,3.14,1.689,상승,1335,2255
코렌텍,n/a,38.01,0.91,하락,6190,5630
코리아나,2.22,28.85,0.943,하락,4375,4125
코리아써키트,n/a,16.16,1.091,상승,5170,5640
코리아에스이,n/a,n/a,0.98,하락,1735,1700
코리아에프티,3.47,6.48,1.064,상승,2810,2990
코리아오토글라스,13.07,3.32,1.727,상승,12450,21500
코리안리,4.68,n/a,1.022,상승,8610,8800
코맥스,4.66,7.56,1.004,상승,4130,4145
코메론,9.88,4.51,1.045,상승,7600,7940
코미코,36.03,4.07,1.379,상승,21350,29450
코미팜,n/a,n/a,1.154,상승,20400,23550
코세스,51.64,9.19,1.482,상승,5100,7560
코센,n/a,190.28,1.308,상승,1590,2080
코셋,n/a,n/a,1.263,상승,1025,1295
코스맥스,13.49,22.58,0.849,하락,132500,112500
코스맥스비티아이,3.23,13.57,0.944,하락,19750,18650
코스맥스엔비티,8.67,16.48,0.704,하락,16400,11550
코스메카코리아,7.53,24.41,0.684,하락,32550,22250
코스모신소재,12.86,17.8,0.835,하락,17550,14650
코스모화학,n/a,19.11,1.012,상승,12400,12550
코스온,n/a,34.75,0.816,하락,10150,8280
코아스,n/a,14.48,1.082,상승,1400,1515
코아스템,n/a,n/a,0.939,하락,12300,11550
코아시아,n/a,9.95,1.346,상승,5110,6880
코엔텍,17.86,9.69,1.471,상승,7680,11300
코오롱,0.2,12.63,0.622,하락,30950,19250
코오롱글로벌,3.59,7.8,1.483,상승,7150,10600
코오롱머티리얼,n/a,n/a,0.672,하락,3050,2050
코오롱생명과학,n/a,n/a,0.303,하락,75700,22950
코오롱인더,3.04,10.85,0.75,하락,57500,43150
코오롱티슈진,n/a,n/a,0.183,하락,43850,8010
코오롱플라스틱,6.28,8.06,0.94,하락,5650,5310
코웰패션,26.8,6.06,1.685,상승,4755,8010
코위버,6.39,215.65,1.229,상승,7250,8910
코이즈,n/a,n/a,1.115,상승,1910,2130
코콤,12.88,6.45,1.243,상승,6800,8450
코텍,12.72,4.8,1.043,상승,13850,14450
코프라,4.85,6.83,1.217,상승,2900,3530
콜마비앤에이치,25.89,9.43,1.322,상승,20050,26500
콤텍시스템,9.74,14.22,1.136,상승,1470,1670
쿠첸,1.13,8.37,1.161,상승,5460,6340
쿠쿠홀딩스,17.49,11.96,1.201,상승,119500,143500
쿠쿠홈시스,9.51,6.24,1.473,상승,35100,51700
큐렉소,n/a,n/a,0.845,하락,7370,6230
큐로,n/a,n/a,1.796,상승,524,941
큐로컴,n/a,n/a,0.912,하락,1300,1185
큐로홀딩스,n/a,n/a,1.09,상승,597,651
큐리언트,n/a,n/a,1.067,상승,20000,21350
큐브엔터,6.78,31.93,1.273,상승,3355,4270
큐에스아이,n/a,25.84,1.386,상승,4675,6480
큐엠씨,14.26,8.5,0.743,하락,5780,4295
큐캐피탈,n/a,n/a,1.167,상승,621,725
크라운제과,10.99,7.04,1.053,상승,9360,9860
크라운해태홀딩스,1.63,9.33,0.982,하락,11400,11200
크로넥스,n/a,n/a,1.879,상승,8490,15950
크로바하이텍,n/a,n/a,0.751,하락,1985,1490
크루셜텍,n/a,n/a,1.203,상승,952,1145
크리스에프앤씨,20.69,6.21,0.915,하락,25250,23100
크리스탈,5.0,231.75,0.926,하락,17650,16350
크리스탈신소재,11.08,1.97,2.029,상승,1050,2130
크린앤사이언스,20.01,9.43,1.768,상승,12950,22900
클래시스,34.51,13.88,3.122,상승,4100,12800
클리오,0.7,144.18,1.636,상승,14550,23800
키네마스터,n/a,n/a,4.524,상승,2575,11650
키다리스튜디오,0.91,54.21,1.284,상승,2255,2895
키움제5호스팩,n/a,n/a,1.057,상승,2005,2120
키움증권,10.84,n/a,1.046,상승,78900,82500
키위미디어그룹,n/a,n/a,0.38,하락,410,156
키이스트,n/a,10.5,1.326,상승,2655,3520
타이거일렉,5.34,5.27,1.135,상승,4080,4630
탑선,68.32,2.39,1.218,상승,8200,9990
탑엔지니어링,10.15,4.44,1.606,상승,7100,11400
태경산업,5.82,7.67,1.115,상승,5580,6220
태경화학,2.83,9.41,1.308,상승,4650,6080
태광,2.39,34.32,0.868,하락,11750,10200
태광산업,7.39,3.98,1.003,상승,1321000,1325000
태림포장,6.94,7.95,2.186,상승,3980,8700
태양,1.22,18.34,1.02,상승,10100,10300
태양금속공업,n/a,11.03,0.937,하락,1350,1265
태양기계,0.57,14.34,0.692,하락,1735,1200
태영건설,19.21,4.61,1.36,상승,11400,15500
태웅,n/a,n/a,0.981,하락,10500,10300
태원물산,1.1,57.36,0.935,하락,5290,4945
태평양물산,7.14,8.19,1.203,상승,2615,3145
테고사이언스,n/a,238.07,0.885,하락,36000,31850
테라셈,n/a,n/a,1.226,상승,991,1215
테라젠이텍스,n/a,n/a,0.894,하락,10550,9430
테스,21.09,3.8,1.411,상승,12300,17350
테스나,21.87,4.12,2.46,상승,19550,48100
테이팩스,5.63,11.36,1.066,상승,21100,22500
테크엔,2.35,14.47,3.042,상승,1315,4000
테크윙,12.77,8.58,1.418,상승,9200,13050
테크트랜스,n/a,n/a,0.644,하락,4500,2900
텔레칩스,10.3,7.3,1.521,상승,8840,13450
텔레필드,n/a,n/a,1.358,상승,2650,3600
텔코웨어,5.8,16.92,1.329,상승,12900,17150
텔콘RF제약,n/a,n/a,0.769,하락,8350,6420
토니모리,n/a,n/a,0.909,하락,11600,10550
토박스코리아,n/a,n/a,1.473,상승,859,1265
토비스,11.45,3.39,1.025,상승,6730,6900
토탈소프트,37.13,8.77,1.121,상승,2600,2915
토필드,n/a,n/a,1.322,상승,1740,2300
톱텍,5.96,27.07,1.31,상승,7670,10050
투비소프트,n/a,n/a,0.708,하락,5500,3895
툴젠,n/a,n/a,0.75,하락,100000,75000
트루윈,n/a,12.67,1.308,상승,4290,5610
특수건설,0.94,21.9,1.012,상승,5650,5720
티로보틱스,22.72,6.85,1.335,상승,9700,12950
티비씨,3.21,14.06,1.986,상승,579,1150
티비에이치글로벌,n/a,4.45,0.796,하락,3060,2435
티씨엠생명과학,n/a,n/a,1.294,상승,20050,25950
티씨케이,28.43,6.88,1.48,상승,40600,60100
티앤알바이오팹,n/a,n/a,1.912,상승,9020,17250
티에스아이,52.66,5.78,2.672,상승,5950,15900
티에스이,8.91,3.39,1.245,상승,6600,8220
티에이치엔,12.93,5.44,1.779,상승,2395,4260
티엘아이,n/a,n/a,0.917,하락,4400,4035
티웨이항공,28.89,5.85,0.932,하락,7480,6970
티웨이홀딩스,18.49,4.96,0.896,하락,2400,2150
티케이씨,5.64,51.38,0.625,하락,38050,23800
티케이케미칼,11.04,7.17,1.252,상승,2815,3525
티플랙스,2.54,18.98,1.014,상승,2945,2985
티피씨글로벌,4.63,13.39,1.025,상승,2770,2840
틸론,12.18,16.96,1.049,상승,5870,6160
팅크웨어,1.7,5.16,1.14,상승,7800,8890
파나진,n/a,n/a,0.875,하락,4590,4015
파라다이스,n/a,37.65,0.868,하락,19000,16500
파라텍,0.4,135.54,0.924,하락,5500,5080
파루,n/a,n/a,1.013,상승,2720,2755
파마리서치바이오,n/a,n/a,0.775,하락,17750,13750
파마리서치프로덕트,7.65,24.76,1.534,상승,33700,51700
파멥신,n/a,n/a,0.745,하락,80000,59600
파미셀,n/a,388.42,0.723,하락,12500,9040
파버나인,8.72,6.88,1.13,상승,4380,4950
파세코,6.88,7.28,2.408,상승,4630,11150
파수닷컴,4.9,10.81,1.495,상승,3205,4790
파워넷,11.45,10.12,1.5,상승,3460,5190
파워로직스,13.95,4.3,2.218,상승,6380,14150
파워풀엑스,2.18,18.29,0.897,하락,3120,2800
파이오링크,1.09,13.54,1.516,상승,4485,6800
파인넥스,n/a,n/a,0.449,하락,1560,701
파인디앤씨,3.88,10.32,0.871,하락,2130,1855
파인디지털,2.16,15.13,1.131,상승,3750,4240
파인이엠텍,n/a,55.85,1.098,상승,4100,4500
파인테크닉스,n/a,n/a,1.155,상승,1390,1605
파인텍,n/a,8.65,0.904,하락,1410,1275
파커스,4.99,6.75,1.05,상승,3195,3355
파크시스템스,16.78,42.74,1.032,상승,39600,40850
파트론,3.16,6.13,2.186,상승,8210,17950
파티게임즈,26.11,20.18,1.0,보합,536,536
팍스넷,n/a,102.5,0.876,하락,7320,6410
판도라티비,n/a,6.01,0.912,하락,1200,1095
판타지오,n/a,28.1,1.593,상승,508,809
팜스웰바이오,n/a,n/a,0.7,하락,4580,3205
팜스코,1.2,15.67,0.886,하락,7710,6830
팜스토리,n/a,15.42,1.209,상승,1030,1245
패션플랫폼,4.87,6.06,1.091,상승,1370,1495
팬스타엔터프라이즈,n/a,15.4,1.543,상승,742,1145
팬엔터테인먼트,n/a,979.22,1.189,상승,3800,4520
팬오션,6.06,8.82,0.984,하락,4445,4375
팬젠,n/a,n/a,0.932,하락,10650,9930
퍼스텍,n/a,n/a,0.936,하락,2830,2650
퍼시스,11.3,10.42,1.086,상승,30700,33350
퍼시픽바이오,n/a,n/a,0.827,하락,995,823
펄어비스,42.87,15.56,0.947,하락,217800,206300
페이퍼코리아,n/a,39.9,0.929,하락,936,870
펩트론,n/a,n/a,0.785,하락,24700,19400
평화산업,n/a,n/a,0.64,하락,2525,1615
평화정공,8.54,1.94,1.361,상승,6710,9130
평화홀딩스,n/a,243.53,0.727,하락,6300,4580
포레스팅블록체인,n/a,20.16,0.874,하락,515,450
포메탈,4.91,12.15,0.88,하락,3625,3190
포비스티앤씨,3.31,27.97,1.109,상승,1470,1630
포스링크,n/a,n/a,0.615,하락,2375,1460
포스코,3.88,3.84,0.984,하락,244500,240500
포스코 ICT,n/a,11.32,1.052,상승,5350,5630
포스코강판,5.24,6.5,0.923,하락,20700,19100
포스코엠텍,16.5,12.55,0.947,하락,6660,6310
포스코인터내셔널,5.45,9.04,0.964,하락,18100,17450
포스코케미칼,18.96,30.75,0.864,하락,64500,55700
포시에스,13.69,11.6,1.302,상승,5290,6890
포인트엔지니어링,25.04,5.13,1.289,상승,14900,19200
포티스,n/a,n/a,0.434,하락,2350,1020
폴루스바이오팜,n/a,n/a,0.348,하락,6400,2230
푸드나무,22.09,20.66,1.129,상승,20550,23200
푸드웰,9.89,7.51,1.691,상승,6090,10300
푸른기술,5.2,95.38,0.709,하락,20650,14650
푸른저축은행,10.18,n/a,1.081,상승,7800,8430
풀무원,7.82,5.85,1.455,상승,7970,11600
풍강,1.35,10.18,1.105,상승,3300,3645
풍국주정,8.47,12.94,0.826,하락,19550,16150
풍산,4.62,8.16,0.951,하락,27300,25950
풍산홀딩스,5.09,6.85,1.098,상승,36750,40350
퓨전데이타,n/a,n/a,0.536,하락,1510,809
퓨쳐스트림네트웍스,11.12,8.42,1.257,상승,1285,1615
퓨쳐켐,n/a,n/a,1.181,상승,12450,14700
프럼파스트,4.7,10.89,1.003,상승,3385,3395
프로스테믹스,n/a,n/a,0.958,하락,5480,5250
프로테옴텍,7.56,128.02,0.799,하락,19400,15500
프로텍,16.67,3.53,1.67,상승,13050,21800
프리엠스,5.2,24.27,1.008,상승,6290,6340
플랜티넷,1.96,10.15,1.245,상승,4435,5520
플럼라인생명과학,n/a,n/a,0.952,하락,8600,8190
플레이위드,n/a,n/a,1.248,상승,6940,8660
피노텍,27.27,21.53,1.259,상승,5800,7300
피델릭스,13.15,7.77,0.991,하락,1755,1740
피씨디렉트,10.26,7.03,1.183,상승,4540,5370
피씨엘,n/a,n/a,0.988,하락,9920,9800
피앤씨테크,4.13,23.6,0.892,하락,8410,7500
피앤이솔루션,18.33,13.48,1.089,상승,11850,12900
피앤텔,n/a,n/a,1.0,보합,6680,6680
피에스엠씨,3.06,9.47,0.927,하락,858,795
피에스케이,n/a,n/a, n/a, n/a, n/a, n/a
피에스케이홀딩스,21.41,3.38,0.952,하락,10552,10050
피에스텍,n/a,n/a,0.925,하락,4735,4380
피엔아이컴퍼니,n/a,35.28,0.871,하락,4120,3590
피엔에이치테크,n/a,n/a,1.102,상승,8800,9700
피엔티,2.69,17.57,0.948,하락,5474,5190
피제이메탈,7.93,10.42,1.249,상승,2150,2685
피제이전자,6.9,7.64,1.066,상승,4475,4770
픽셀플러스,n/a,n/a,1.022,상승,6040,6170
필룩스,n/a,196.85,0.528,하락,12350,6520
필링크,n/a,27.86,0.906,하락,1870,1695
필옵틱스,n/a,n/a,1.106,상승,7350,8130
하나금융10호스팩,0.55,n/a,1.044,상승,2030,2120
하나금융11호스팩,0.72,n/a,1.06,상승,2015,2135
하나금융9호스팩,0.93,n/a,1.049,상승,2025,2125
하나금융지주,8.88,n/a,1.032,상승,36450,37600
하나니켈1호,n/a,n/a
하나니켈2호,n/a,n/a
하나마이크론,1.05,4.85,1.146,상승,3840,4400
하나머스트제6호스팩,n/a,n/a,1.062,상승,2030,2155
하나머티리얼즈,35.33,5.46,1.351,상승,12100,16350
하나제약,18.28,9.82,1.081,상승,22850,24700
하나투어,4.28,17.74,0.808,하락,68900,55700
하림,n/a,11.75,1.22,상승,2795,3410
하림지주,6.36,8.9,1.03,상승,11550,11900
하이골드12호,6.93,23.0,1.022,상승,2780,2840
하이골드3호,11.61,12.44,0.995,하락,1845,1835
하이골드8호,9.85,5.45,1.553,상승,1140,1770
하이로닉,n/a,68.26,1.563,상승,4465,6980
하이록코리아,3.48,14.23,1.009,상승,16700,16850
하이비젼시스템,20.91,6.38,0.965,하락,9030,8710
하이셈,30.43,3.21,1.613,상승,3980,6420
하이스틸,n/a,n/a,0.795,하락,27050,21500
하이제4호스팩,n/a,n/a, n/a, n/a, n/a, n/a
하이즈항공,1.15,19.02,1.064,상승,5300,5640
하이텍팜,2.54,49.06,0.817,하락,17500,14300
하이트론씨스템즈,2.14,71.36,1.144,상승,3655,4180
하이트진로,1.87,8.6,1.305,상승,16550,21600
하이트진로홀딩스,n/a,9.28,1.327,상승,7010,9300
하츠,1.86,17.67,1.92,상승,3765,7230
한국ANKOR유전,n/a,n/a
한국가구,7.69,7.82,1.158,상승,4090,4735
한국가스공사,6.36,9.93,0.881,하락,48250,42500
한국경제TV,14.16,5.34,1.642,상승,3880,6370
한국공항,5.93,3.31,1.138,상승,42700,48600
한국금융지주,12.96,n/a,1.255,상승,59600,74800
한국기업평가,18.51,9.34,1.217,상승,51700,62900
한국내화,5.66,9.5,1.075,상승,5630,6050
한국단자공업,5.8,4.28,1.63,상승,40550,66100
한국맥널티,2.42,22.91,0.933,하락,11150,10400
한국비엔씨,23.24,10.19,1.333,상승,9000,12000
한국석유공업,2.99,14.7,0.842,하락,136000,114500
한국선재,7.74,17.41,1.005,상승,2760,2775
한국수출포장공업,7.7,2.2,1.113,상승,19500,21700
한국쉘석유,25.09,13.39,0.978,하락,336500,329000
한국아트라스비엑스,17.32,5.86,1.298,상승,51300,66600
한국알콜,10.48,3.94,1.382,상승,7200,9950
한국유니온제약,14.38,8.21,1.462,상승,13300,19450
한국자산신탁,18.52,n/a,0.972,하락,4400,4275
한국전력공사,n/a,8.16,0.79,하락,33150,26200
한국전자금융,15.11,6.04,0.98,하락,9180,9000
한국전자인증,8.19,19.68,1.054,상승,4095,4315
한국전자홀딩스,n/a,12.3,0.975,하락,815,795
한국정밀기계,n/a,n/a,1.0,보합,2410,2410
한국정보공학,n/a,n/a,1.103,상승,3240,3575
한국정보인증,10.19,10.75,1.021,상승,3805,3885
한국정보통신,14.21,7.72,0.985,하락,9440,9300
한국제5호스팩,0.45,n/a,1.064,상승,2035,2165
한국제6호스팩,0.94,n/a,1.036,상승,2055,2130
한국제7호스팩,n/a,n/a,1.034,상승,2040,2110
한국제8호스팩,n/a,n/a,1.09,상승,2010,2190
한국제지,n/a,40.24,1.131,상승,16350,18500
한국종합기술,n/a,n/a,0.801,하락,5640,4520
한국주강,n/a,n/a,1.14,상승,1605,1830
한국주철관공업,4.71,8.39,0.995,하락,10000,9950
한국철강,1.7,6.07,1.192,상승,5530,6590
한국카본,n/a,25.27,1.186,상승,7100,8420
한국캐피탈,7.37,n/a,1.204,상승,612,737
한국컴퓨터,n/a,127.96,1.004,상승,2440,2450
한국코퍼레이션,n/a,n/a,0.707,하락,3050,2155
한국콜마,11.38,21.94,0.896,하락,71400,64000
한국콜마홀딩스,18.57,7.86,1.032,상승,29600,30550
한국큐빅,1.56,6.63,1.073,상승,2330,2500
한국타이어앤테크놀로지,7.96,4.65,0.917,하락,40000,36700
한국테크놀로지,n/a,54.22,1.897,상승,643,1220
한국테크놀로지그룹,6.75,6.84,1.03,상승,16600,17100
한국토지신탁,21.75,n/a,0.891,하락,2700,2405
한국특수형강,n/a,7.25,0.698,하락,2500,1745
한국패러랠,n/a,n/a
한국팩키지,4.2,12.21,1.307,상승,1875,2450
한국프랜지공업,0.72,6.16,1.534,상승,1385,2125
한국항공우주,5.32,15.21,1.095,상승,31950,35000
한국화장품,n/a,n/a,0.972,하락,10800,10500
한국화장품제조,6.79,25.71,0.829,하락,36200,30000
한글과컴퓨터,3.4,6.95,0.981,하락,13100,12850
한네트,3.02,4.63,1.32,상승,2560,3380
한농화성,5.32,7.04,1.05,상승,4010,4210
한독,2.7,13.14,0.87,하락,31100,27050
한라,n/a,6.73,0.876,하락,4360,3820
한라IMS,3.32,138.6,1.062,상승,7070,7510
한라홀딩스,1.46,14.34,0.999,하락,42650,42600
한류AI센터,n/a,n/a,0.408,하락,5510,2250
한류타임즈,n/a,n/a,0.463,하락,1710,792
한미글로벌,7.06,7.97,1.17,상승,9570,11200
한미반도체,23.37,7.2,0.951,하락,7790,7410
한미사이언스,2.73,327.81,0.873,하락,79400,69300
한미약품,3.52,45.93,0.89,하락,462500,411500
한빛소프트,n/a,84.01,1.075,상승,3115,3350
한샘,16.63,20.06,1.115,상승,68000,75800
한섬,7.75,7.44,1.132,상승,35900,40650
한성기업,n/a,34.67,1.172,상승,5750,6740
한세실업,n/a,16.71,1.207,상승,19600,23650
한세엠케이,2.61,13.41,0.733,하락,7780,5700
한세예스24홀딩스,n/a,9.79,1.084,상승,8100,8780
한솔로지스틱스,2.81,4.65,1.079,상승,1330,1435
한솔시큐어,n/a,n/a,1.015,상승,4605,4675
한솔씨앤피,n/a,n/a,1.547,상승,5430,8400
한솔인티큐브,n/a,52.38,1.233,상승,2300,2835
한솔제지,6.99,6.23,0.88,하락,16600,14600
한솔케미칼,20.12,8.96,1.059,상승,76400,80900
한솔테크닉스,n/a,7.04,1.33,상승,5783,7690
한솔피엔에스,9.62,4.72,1.202,상승,1385,1665
한솔홀딩스,n/a,5.05,0.973,하락,4915,4780
한솔홈데코,7.44,9.95,1.011,상승,1390,1405
한송네오텍,n/a,38.16,0.921,하락,1910,1760
한스바이오메드,6.75,26.02,0.98,하락,25350,24850
한신공영,41.29,1.12,1.11,상승,16850,18700
한신기계공업,4.24,13.27,1.002,상승,2175,2180
한양디지텍,2.34,4.92,1.221,상승,2900,3540
한양이엔지,28.01,2.16,1.072,상승,12450,13350
한양증권,1.73,n/a,1.115,상승,6800,7580
한온시스템,13.83,9.79,1.111,상승,10800,12000
한올바이오파마,2.89,253.39,0.757,하락,36400,27550
한익스프레스,8.16,10.6,1.609,상승,4445,7150
한일네트웍스,8.53,5.83,1.088,상승,5130,5580
한일단조,n/a,18.12,1.156,상승,1410,1630
한일사료,0.56,31.33,1.26,상승,1770,2230
한일시멘트,n/a,7.08,1.179,상승,117500,138500
한일진공,n/a,27.83,1.064,상승,1180,1255
한일철강,n/a,21.51,1.099,상승,1910,2100
한일현대시멘트,n/a,20.3,0.803,하락,43000,34550
한일홀딩스,40.39,12.87,1.048,상승,52100,54600
한일화학,3.11,6.13,1.161,상승,10550,12250
한전KPS,17.08,6.47,1.003,상승,32900,33000
한전기술,2.82,17.4,1.034,상승,20850,21550
한전산업,16.51,6.91,1.001,상승,3555,3560
한중엔시에스,6.25,6.99,1.066,상승,2800,2985
한진,5.6,15.28,0.856,하락,53500,45800
한진중공업,n/a,25.43,0.37,하락,18560,6870
한진중공업홀딩스,2.69,10.25,1.181,상승,2930,3460
한진칼,n/a,12.81,1.418,상승,29800,42250
한창,n/a,10.99,1.846,상승,1845,3405
한창산업,2.72,20.42,1.064,상승,5440,5790
한창제지,13.07,11.7,1.214,상승,3055,3710
한컴MDS,5.82,10.93,0.946,하락,14700,13900
한컴시큐어,0.5,38.07,1.014,상승,3195,3240
한컴유니맥스,n/a,19.56,4.059,상승,1700,6900
한컴지엠디,3.95,11.63,1.025,상승,2390,2450
한탑,n/a,69.91,1.063,상승,2315,2460
한프,n/a,n/a,1.36,상승,1305,1775
한화,10.73,8.91,0.851,하락,31450,26750
한화갤러리아타임월드,4.14,11.18,0.825,하락,28800,23750
한화생명,4.22,n/a,0.775,하락,4220,3270
한화손해보험,6.29,n/a,0.727,하락,5870,4265
한화수성스팩,1.0,n/a,1.027,상승,2055,2110
한화에스비아이스팩,n/a,n/a, n/a, n/a, n/a, n/a
한화에어로스페이스,1.42,14.49,1.003,상승,32400,32500
한화에이스스팩3호,0.28,n/a,1.079,상승,2080,2245
한화에이스스팩4호,0.34,n/a,1.034,상승,2045,2115
한화케미칼,3.08,9.94,1.059,상승,20350,21550
한화투자증권,7.95,n/a,1.165,상승,2055,2395
해덕파워웨이,n/a,n/a,1.0,보합,1100,1100
해마로푸드서비스,26.3,7.51,1.248,상승,2115,2640
해성디에스,11.05,6.32,1.235,상승,13000,16050
해성산업,0.53,33.2,1.087,상승,10400,11300
해성옵틱스,n/a,8.23,1.509,상승,2087,3150
해태제과식품,0.85,10.76,1.074,상승,9220,9900
핸디소프트,n/a,n/a,0.659,하락,7120,4690
핸즈코퍼레이션,1.31,8.49,1.043,상승,6290,6560
헝셩그룹,10.82,2.37,1.017,상승,1155,1175
헬릭스미스,n/a,n/a,0.762,하락,258900,197400
현대건설,5.99,8.02,0.954,하락,56500,53900
현대건설기계,7.47,5.38,0.978,하락,43300,42350
현대공업,1.04,16.52,1.299,상승,2595,3370
현대그린푸드,6.1,10.08,0.912,하락,14200,12950
현대글로비스,10.6,6.02,1.3,상승,128500,167000
현대로템,n/a,n/a,0.714,하락,28350,20250
현대리바트,9.03,6.91,0.942,하락,19950,18800
현대모비스,6.3,6.78,1.184,상승,190500,225500
현대미포조선,3.77,20.61,0.834,하락,59500,49600
현대바이오,7.34,54.48,3.239,상승,5480,17750
현대백화점,5.91,5.55,0.94,하락,90400,85000
현대비앤지스틸,5.2,3.81,0.993,하락,9100,9040
현대사료,n/a,75.74,0.934,하락,20400,19050
현대상선,n/a,n/a,0.943,하락,3745,3530
현대약품,0.91,43.06,0.99,하락,4735,4690
현대에이치씨엔,5.77,5.49,0.998,하락,4040,4030
현대엘리베이터,0.9,17.11,0.797,하락,111000,88500
현대오토에버,12.59,0.06, n/a, n/a, n/a, n/a
현대위아,n/a,7.76,1.262,상승,36100,45550
현대일렉트릭,n/a,n/a,0.843,하락,22350,18850
현대자동차,2.2,13.33,1.221,상승,117500,143500
현대정보기술,n/a,11.08,1.153,상승,1770,2040
현대제철,2.39,6.34,0.923,하락,45250,41750
현대종합상사,n/a,11.76,0.795,하락,29000,23050
현대중공업,n/a,n/a,0.911,하락,129500,118000
현대중공업지주,3.53,10.93,0.897,하락,348000,312000
현대차증권,5.84,n/a,1.19,상승,8610,10250
현대코퍼레이션홀딩스,2.58,17.98,0.892,하락,16200,14450
현대통신,25.22,4.44,0.94,하락,10900,10250
현대해상,10.33,n/a,0.752,하락,40750,30650
현대홈쇼핑,10.32,8.41,0.945,하락,98500,93100
현성바이탈,n/a,n/a,0.874,하락,2270,1985
현우산업,8.88,6.55,1.104,상승,3180,3510
현진소재,n/a,n/a,1.224,상승,2140,2620
형지I&C,n/a,36.7,1.026,상승,689,707
형지엘리트,n/a,44.9,1.003,상승,1875,1880
혜인,n/a,13.16,1.015,상승,5470,5550
호전실업,3.88,8.99,1.465,상승,9350,13700
호텔신라,15.41,11.96,1.214,상승,77700,94300
홈센타홀딩스,n/a,31.13,1.042,상승,1320,1375
홈캐스트,n/a,n/a,1.121,상승,4700,5270
화성밸브,5.02,24.22,0.785,하락,10663,8370
화성산업,13.61,2.58,0.948,하락,14500,13750
화승알앤에이,n/a,6.64,1.067,상승,2085,2225
화승엔터프라이즈,6.39,11.16,1.505,상승,10500,15800
화승인더스트리,7.94,7.86,1.53,상승,6830,10450
화신,n/a,11.41,1.252,상승,2400,3005
화신정공,1.35,6.03,0.974,하락,1165,1135
화신테크,n/a,n/a,1.084,상승,5370,5820
화이브라더스코리아,0.32,n/a,1.107,상승,2935,3250
화인베스틸,1.97,12.36,1.372,상승,2660,3650
화일약품,5.09,9.88,1.057,상승,6530,6900
화진,n/a,60.43,1.0,보합,3060,3060
화천기계,n/a,32.2,1.428,상승,1800,2570
화천기공,4.48,7.45,1.03,상승,41100,42350
환인제약,8.56,11.81,0.976,하락,19050,18600
황금에스티,6.48,5.64,1.074,상승,7890,8470
효성,110.16,6.76,1.519,상승,50100,76100
효성 ITX,13.65,7.92,1.014,상승,10400,10550
효성오앤비,6.49,24.56,1.055,상승,8400,8860
효성중공업,n/a,19.02,0.847,하락,41450,35100
효성첨단소재,n/a,11.75,1.122,상승,102500,115000
효성티앤씨,n/a,11.67,0.804,하락,184000,148000
효성화학,n/a,8.75,1.075,상승,140500,151000
후성,16.04,13.26,1.004,상승,7500,7530
휘닉스소재,n/a,n/a,1.342,상승,634,851
휠라코리아,16.03,10.88,1.508,상승,53300,80400
휴네시온,6.32,49.63,1.212,상승,7270,8810
휴니드테크놀러지스,19.38,3.36,1.033,상승,7970,8230
휴럼,n/a,n/a,1.284,상승,7010,9000
휴림로봇,n/a,n/a,1.126,상승,1030,1160
휴마시스,n/a,n/a,1.38,상승,1370,1890
휴맥스,n/a,n/a,1.438,상승,5390,7750
휴맥스홀딩스,n/a,n/a,1.266,상승,2900,3670
휴메딕스,8.76,15.89,0.989,하락,27700,27400
휴벡셀,n/a,n/a,0.378,하락,8990,3400
휴비스,4.58,5.9,0.992,하락,7520,7460
휴비츠,8.72,9.6,1.336,상승,8120,10850
휴스틸,4.39,4.46,0.996,하락,11850,11800
휴온스,31.64,12.53,0.804,하락,72100,58000
휴온스글로벌,8.22,7.86,0.901,하락,44450,40050
휴젤,9.8,25.41,1.079,상승,378500,408300
휴켐스,17.02,5.96,0.892,하락,24050,21450
흥구석유,3.38,27.95,2.159,상승,2710,5850
흥국,14.23,5.59,0.818,하락,6800,5560
흥국에프엔비,4.71,5.96,1.225,상승,6500,7960
흥국화재,7.69,n/a,0.966,하락,4830,4665
흥아해운,n/a,n/a,0.885,하락,400,354
희림,7.66,8.88,0.945,하락,4640,4385
힘스,n/a,n/a,2.358,상승,9670,22800